PK_CALZADA,ACCIDENTES
91026862.0,57
1.0,29
91026007.0,28
3.0,27
91027128.0,27
24120709.0,26
510482.0,24
515572.0,24
601609.0,24
91033595.0,24
522101.0,24
518602.0,23
24122423.0,23
440049.0,22
24120675.0,22
24120012.0,22
24123219.0,22
91026575.0,22
91014295.0,21
24122918.0,21
515784.0,21
509266.0,20
91022743.0,20
601756.0,19
91021153.0,19
91033523.0,19
24121020.0,18
386749.0,18
513766.0,18
154278.0,18
162976.0,18
904005.0,17
508759.0,17
513911.0,17
527751.0,17
24120385.0,17
508998.0,17
151906.0,17
91011375.0,17
91026569.0,17
24120078.0,17
91035058.0,16
383002.0,16
91020777.0,16
514760.0,16
528588.0,15
24122129.0,15
91024969.0,15
382917.0,15
24122282.0,15
91010365.0,15
91026745.0,15
603362.0,14
91026966.0,14
522099.0,14
91026854.0,14
91014283.0,14
24120577.0,14
91026636.0,14
521977.0,14
521872.0,14
533871.0,14
515588.0,14
91060662.0,14
522674.0,13
24122380.0,13
91030499.0,13
513577.0,13
24121040.0,13
91027024.0,13
515746.0,13
412500.0,13
529233.0,13
518627.0,13
91033965.0,13
903509.0,13
604922.0,13
91026073.0,13
91027078.0,13
307190.0,12
502827.0,12
24122913.0,12
91033227.0,12
531383.0,12
91026011.0,12
187936.0,12
175726.0,12
521670.0,12
381256.0,12
515546.0,12
24121760.0,12
91035023.0,12
24121073.0,12
385806.0,12
601282.0,12
518027.0,12
903081.0,12
440007.0,12
145050.0,12
91029412.0,12
91026396.0,12
221312.0,11
91033047.0,11
91030147.0,11
91014104.0,11
2505708.0,11
152895.0,11
509052.0,11
359988.0,11
91024975.0,11
24121755.0,11
24120456.0,11
522377.0,11
323342.0,11
91034080.0,11
24123197.0,11
444679.0,11
472066.0,11
513177.0,11
902067.0,11
606397.0,11
91063836.0,11
508352.0,11
514011.0,11
385942.0,11
386435.0,11
91025356.0,11
513996.0,11
91025951.0,11
91027085.0,11
24122793.0,11
230851.0,10
91014042.0,10
519766.0,10
148373.0,10
24122365.0,10
91024968.0,10
24119929.0,10
91033643.0,10
91031534.0,10
604024.0,10
602294.0,10
91027381.0,10
514008.0,10
381791.0,10
24122040.0,10
521473.0,10
24120326.0,10
354037.0,10
158909.0,10
521793.0,10
91025710.0,10
24120304.0,10
24120471.0,10
152914.0,10
91027235.0,9
152560.0,9
91012684.0,9
359758.0,9
521632.0,9
91013941.0,9
522575.0,9
145852.0,9
24122447.0,9
513281.0,9
91024974.0,9
24121763.0,9
504903.0,9
24122116.0,9
602656.0,9
91027229.0,9
517971.0,9
515133.0,9
24120008.0,9
513190.0,9
91027063.0,9
514796.0,9
440107.0,9
504945.0,9
91024734.0,9
502558.0,9
24123538.0,9
91026812.0,9
91033060.0,9
91063983.0,9
146497.0,9
383513.0,9
24121100.0,9
508774.0,9
91013807.0,9
91011689.0,9
143301.0,9
602195.0,9
91026807.0,9
602554.0,9
91029408.0,9
91026896.0,9
91064022.0,9
604498.0,9
354267.0,9
91064556.0,9
152894.0,9
153684.0,9
91026533.0,9
91030266.0,8
91012580.0,8
50012190.0,8
91029050.0,8
530554.0,8
91030237.0,8
91013063.0,8
24122379.0,8
91024475.0,8
601951.0,8
91014436.0,8
513439.0,8
91025161.0,8
175846.0,8
91015269.0,8
91028934.0,8
515456.0,8
24122407.0,8
903971.0,8
519127.0,8
510950.0,8
91029486.0,8
381075.0,8
91029351.0,8
440014.0,8
382391.0,8
504137.0,8
509380.0,8
91033018.0,8
517917.0,8
351381.0,8
91014488.0,8
508584.0,8
91033309.0,8
91032106.0,8
91010754.0,8
602502.0,8
390463.0,8
513976.0,8
515371.0,8
91062417.0,8
24120139.0,8
503511.0,8
24121026.0,8
24123223.0,8
370262.0,8
357450.0,8
201237.0,8
531145.0,8
322972.0,8
91030952.0,8
137060.0,8
521385.0,8
24122172.0,8
24120334.0,8
24123561.0,8
518287.0,8
902761.0,8
522313.0,8
159808.0,8
353182.0,8
175704.0,8
91024696.0,8
603510.0,8
518427.0,8
514001.0,8
91029972.0,8
159099.0,8
91028519.0,8
91033865.0,8
602418.0,8
380426.0,8
389577.0,8
24121471.0,8
513936.0,8
24121166.0,8
91025945.0,8
185865.0,8
50013138.0,7
29830.0,7
169734.0,7
21126.0,7
91012958.0,7
50012855.0,7
91014070.0,7
504648.0,7
140172.0,7
412753.0,7
214895.0,7
24122867.0,7
91031275.0,7
602387.0,7
24121216.0,7
91064029.0,7
24121253.0,7
91018773.0,7
24119990.0,7
515686.0,7
517936.0,7
602887.0,7
91029095.0,7
91018215.0,7
91013825.0,7
519108.0,7
91020283.0,7
513507.0,7
518465.0,7
91026919.0,7
603613.0,7
602228.0,7
513678.0,7
159200.0,7
390443.0,7
177371.0,7
24120060.0,7
605143.0,7
522348.0,7
91019892.0,7
24121125.0,7
91032958.0,7
521800.0,7
509644.0,7
188710.0,7
415047.0,7
511382.0,7
91035061.0,7
381502.0,7
147245.0,7
91025623.0,7
24120650.0,7
170213.0,7
323613.0,7
24121173.0,7
603454.0,7
141735.0,7
91014498.0,7
522340.0,7
441618.0,7
514458.0,7
24120243.0,7
91025058.0,7
144499.0,7
146776.0,7
91025956.0,7
91026642.0,7
510506.0,7
525810.0,7
91012434.0,7
520955.0,7
514744.0,7
384299.0,7
517043.0,7
502593.0,7
146666.0,7
513963.0,7
383415.0,7
525825.0,7
509339.0,7
380362.0,7
416149.0,7
440117.0,7
91013368.0,7
146068.0,7
368977.0,7
521575.0,7
91064009.0,7
173860.0,7
292062.0,7
520989.0,7
512758.0,7
24123160.0,7
151938.0,7
147445.0,7
91025341.0,7
91026957.0,7
515129.0,7
91035071.0,7
382088.0,7
506474.0,7
91011813.0,7
91063507.0,7
185348.0,7
91026984.0,7
50016858.0,6
50013469.0,6
272262.0,6
50012783.0,6
50014273.0,6
91013932.0,6
91021023.0,6
91013055.0,6
14081.0,6
42178.0,6
514476.0,6
52024.0,6
91015545.0,6
522847.0,6
24119913.0,6
521586.0,6
170409.0,6
522854.0,6
505317.0,6
91024945.0,6
509001.0,6
292720.0,6
91026565.0,6
50015026.0,6
145881.0,6
33151.0,6
91011368.0,6
510379.0,6
363461.0,6
24123636.0,6
515286.0,6
91025238.0,6
513195.0,6
24120035.0,6
91029221.0,6
170211.0,6
91014025.0,6
528116.0,6
522680.0,6
183019.0,6
507705.0,6
91032279.0,6
388717.0,6
602224.0,6
504610.0,6
502566.0,6
188191.0,6
91031774.0,6
91060611.0,6
510940.0,6
24120394.0,6
24120515.0,6
517821.0,6
91026861.0,6
91026534.0,6
522913.0,6
384929.0,6
530872.0,6
508700.0,6
24120354.0,6
511500.0,6
320146.0,6
146615.0,6
380490.0,6
24122886.0,6
24120093.0,6
175715.0,6
175849.0,6
530756.0,6
528062.0,6
383507.0,6
352182.0,6
24121088.0,6
365864.0,6
188704.0,6
521654.0,6
24121627.0,6
24122333.0,6
515164.0,6
518041.0,6
522366.0,6
142773.0,6
165747.0,6
516239.0,6
511087.0,6
507512.0,6
24122064.0,6
900174.0,6
91031049.0,6
91031202.0,6
514330.0,6
91033642.0,6
363692.0,6
91027096.0,6
364183.0,6
91025692.0,6
91025346.0,6
146915.0,6
24120007.0,6
524758.0,6
514598.0,6
521403.0,6
524286.0,6
91063558.0,6
146280.0,6
364492.0,6
24121580.0,6
361824.0,6
189119.0,6
91034553.0,6
159095.0,6
388853.0,6
502613.0,6
139768.0,6
385316.0,6
509194.0,6
506785.0,6
148122.0,6
411661.0,6
508952.0,6
527784.0,6
517999.0,6
91012169.0,6
91027232.0,6
603215.0,6
146287.0,6
91065503.0,6
155135.0,6
514929.0,6
482390.0,6
91027382.0,6
91010474.0,6
24123467.0,6
91022666.0,6
91021011.0,6
523571.0,6
604408.0,6
508550.0,6
387212.0,6
511667.0,6
91060617.0,6
145928.0,6
322910.0,6
91013357.0,6
24121577.0,6
91014033.0,6
351674.0,6
185300.0,6
91033887.0,6
91013250.0,6
24121266.0,6
521566.0,6
154307.0,6
172829.0,6
505187.0,6
601121.0,6
169813.0,5
173173.0,5
31093.0,5
50012964.0,5
91028596.0,5
471741.0,5
169459.0,5
239240.0,5
21121.0,5
91012584.0,5
91015309.0,5
526087.0,5
58158.0,5
91030165.0,5
91021029.0,5
33164.0,5
91025633.0,5
513258.0,5
515782.0,5
91033219.0,5
352924.0,5
239570.0,5
91026897.0,5
91013938.0,5
452229.0,5
509657.0,5
320972.0,5
91024976.0,5
91019786.0,5
511755.0,5
91014525.0,5
471408.0,5
91035076.0,5
513743.0,5
522882.0,5
385442.0,5
517957.0,5
518618.0,5
531079.0,5
514712.0,5
91017776.0,5
24122312.0,5
91027029.0,5
369267.0,5
91029695.0,5
502582.0,5
186540.0,5
201539.0,5
24123220.0,5
513688.0,5
444734.0,5
91023052.0,5
518519.0,5
380377.0,5
24122914.0,5
513241.0,5
153016.0,5
91030643.0,5
522162.0,5
506322.0,5
2506284.0,5
176276.0,5
515107.0,5
24119764.0,5
91013251.0,5
601917.0,5
24122471.0,5
412533.0,5
24122114.0,5
91017172.0,5
389918.0,5
523655.0,5
91021546.0,5
24122348.0,5
91029410.0,5
514555.0,5
385818.0,5
169241.0,5
441573.0,5
24121425.0,5
24180751.0,5
471627.0,5
527736.0,5
203799.0,5
187943.0,5
523367.0,5
178748.0,5
369374.0,5
24120985.0,5
91017161.0,5
154377.0,5
385841.0,5
503419.0,5
500266.0,5
525174.0,5
525843.0,5
24122381.0,5
159819.0,5
530911.0,5
91013496.0,5
91024234.0,5
410884.0,5
386196.0,5
518438.0,5
91032026.0,5
91033033.0,5
381688.0,5
24121984.0,5
367566.0,5
24120982.0,5
357504.0,5
148942.0,5
515184.0,5
512184.0,5
91026529.0,5
386357.0,5
480842.0,5
602975.0,5
509389.0,5
91032936.0,5
364361.0,5
24120082.0,5
506738.0,5
91030959.0,5
515846.0,5
91028956.0,5
91011731.0,5
91032887.0,5
522121.0,5
24121576.0,5
91032104.0,5
173701.0,5
361914.0,5
514633.0,5
91010020.0,5
352867.0,5
471920.0,5
91012725.0,5
291729.0,5
533709.0,5
91033849.0,5
515660.0,5
91030163.0,5
172060.0,5
24123389.0,5
511834.0,5
91026643.0,5
91012602.0,5
24120178.0,5
411307.0,5
163996.0,5
91027298.0,5
24121441.0,5
604784.0,5
175841.0,5
511929.0,5
201609.0,5
91033058.0,5
187127.0,5
444696.0,5
157403.0,5
520924.0,5
444726.0,5
512595.0,5
518085.0,5
91020285.0,5
385212.0,5
173602.0,5
91012673.0,5
139761.0,5
528174.0,5
91014103.0,5
91026019.0,5
601602.0,5
145493.0,5
24120845.0,5
531121.0,5
147463.0,5
176242.0,5
504860.0,5
521368.0,5
91011332.0,5
504153.0,5
91024155.0,5
24119633.0,5
156629.0,5
91030080.0,5
323148.0,5
91020178.0,5
354115.0,5
440063.0,5
511610.0,5
151291.0,5
91028926.0,5
510826.0,5
187678.0,5
510520.0,5
361971.0,5
91012370.0,5
354915.0,5
91035080.0,5
91064415.0,5
154499.0,5
515519.0,5
91027052.0,5
91011730.0,5
522747.0,5
91026926.0,5
91034031.0,5
24122024.0,5
24124301.0,5
91027070.0,5
513273.0,5
514263.0,5
91030346.0,5
182554.0,5
604929.0,5
471677.0,5
422107.0,5
91025383.0,5
91062416.0,5
174144.0,5
512640.0,5
91014039.0,5
359181.0,5
91024194.0,5
91063537.0,5
324064.0,5
91033842.0,5
364853.0,5
351998.0,5
24122314.0,5
370313.0,5
91016845.0,5
91022991.0,5
352822.0,5
175844.0,5
91062419.0,5
91025886.0,5
91013288.0,5
186165.0,5
151970.0,5
512598.0,5
510377.0,5
532055.0,5
351552.0,5
900162.0,5
145972.0,5
157916.0,5
511327.0,5
24180765.0,5
182856.0,5
91018897.0,5
515730.0,5
526872.0,5
22142768.0,4
91064010.0,4
200212.0,4
198730.0,4
8471.0,4
269658.0,4
272331.0,4
15758.0,4
20597.0,4
200396.0,4
91012697.0,4
218403.0,4
20438.0,4
50016417.0,4
517900.0,4
33215.0,4
170406.0,4
50015482.0,4
91012708.0,4
7139.0,4
17635.0,4
91010167.0,4
41970.0,4
169.0,4
213612.0,4
229821.0,4
212673.0,4
532053.0,4
66201.0,4
50013104.0,4
9863.0,4
214694.0,4
50015410.0,4
91010233.0,4
50012733.0,4
414943.0,4
91018326.0,4
212557.0,4
214617.0,4
134285.0,4
50015024.0,4
66252.0,4
91013951.0,4
24121568.0,4
387539.0,4
603315.0,4
91063019.0,4
91012420.0,4
221100.0,4
91014013.0,4
91030150.0,4
91027080.0,4
91030893.0,4
902174.0,4
91033828.0,4
91024724.0,4
91034751.0,4
458925.0,4
91012676.0,4
444173.0,4
91013076.0,4
471415.0,4
242640.0,4
91035035.0,4
441267.0,4
369074.0,4
513534.0,4
504907.0,4
174963.0,4
364103.0,4
518456.0,4
214930.0,4
144898.0,4
522103.0,4
91033135.0,4
506820.0,4
234371.0,4
91025361.0,4
185329.0,4
416960.0,4
91024691.0,4
50013247.0,4
504067.0,4
91018461.0,4
505549.0,4
390196.0,4
150169.0,4
91025163.0,4
91027192.0,4
91014014.0,4
91026567.0,4
91012720.0,4
140661.0,4
382408.0,4
505236.0,4
602257.0,4
24120068.0,4
904010.0,4
91013267.0,4
24120017.0,4
904013.0,4
522580.0,4
223346.0,4
515251.0,4
24122780.0,4
508789.0,4
17023.0,4
91027297.0,4
531333.0,4
904504.0,4
91027002.0,4
2506315.0,4
24121503.0,4
141491.0,4
159196.0,4
24123558.0,4
606187.0,4
24120465.0,4
91013067.0,4
323729.0,4
91013940.0,4
413241.0,4
181008.0,4
50015471.0,4
146669.0,4
152556.0,4
91032587.0,4
24120357.0,4
900033.0,4
175728.0,4
602100.0,4
515821.0,4
91012633.0,4
24119741.0,4
91024926.0,4
444850.0,4
529183.0,4
91021090.0,4
91026973.0,4
471436.0,4
178752.0,4
513941.0,4
146663.0,4
189775.0,4
188092.0,4
323779.0,4
527628.0,4
414371.0,4
522592.0,4
530472.0,4
413936.0,4
24122695.0,4
472866.0,4
209900.0,4
91012704.0,4
91024171.0,4
511864.0,4
91034579.0,4
513542.0,4
146912.0,4
91026863.0,4
184697.0,4
91014000.0,4
91026442.0,4
602427.0,4
91030662.0,4
24122336.0,4
201358.0,4
91030166.0,4
370023.0,4
24121887.0,4
91024235.0,4
91034040.0,4
512111.0,4
513906.0,4
201495.0,4
91013275.0,4
903355.0,4
151036.0,4
91027296.0,4
602089.0,4
24121614.0,4
91029411.0,4
91033141.0,4
185021.0,4
91024592.0,4
91026763.0,4
24119945.0,4
518663.0,4
357270.0,4
91033204.0,4
516201.0,4
368181.0,4
503922.0,4
91011621.0,4
24121340.0,4
158920.0,4
91026036.0,4
91028954.0,4
154888.0,4
517034.0,4
524778.0,4
473591.0,4
502776.0,4
323237.0,4
186819.0,4
515533.0,4
152205.0,4
24122320.0,4
601519.0,4
172080.0,4
146275.0,4
158797.0,4
184627.0,4
603630.0,4
510633.0,4
178720.0,4
24121926.0,4
360074.0,4
91032933.0,4
189709.0,4
513399.0,4
522265.0,4
514874.0,4
24124539.0,4
91024050.0,4
24124295.0,4
158904.0,4
156684.0,4
452962.0,4
138087.0,4
514836.0,4
91026707.0,4
521358.0,4
412651.0,4
91029959.0,4
91026214.0,4
91013680.0,4
91026037.0,4
324093.0,4
523337.0,4
155445.0,4
24119962.0,4
24122056.0,4
142710.0,4
602343.0,4
24122258.0,4
388267.0,4
523211.0,4
187120.0,4
91029105.0,4
91029485.0,4
91033264.0,4
143950.0,4
384629.0,4
2517863.0,4
352143.0,4
472139.0,4
367145.0,4
91062679.0,4
411702.0,4
415150.0,4
165398.0,4
513988.0,4
145461.0,4
507205.0,4
147119.0,4
171209.0,4
91025258.0,4
901669.0,4
524088.0,4
24120971.0,4
601480.0,4
511317.0,4
91024472.0,4
143882.0,4
513492.0,4
383946.0,4
359469.0,4
142714.0,4
141737.0,4
24120500.0,4
515332.0,4
523770.0,4
24122356.0,4
322529.0,4
471526.0,4
24120964.0,4
24120077.0,4
505124.0,4
515512.0,4
515461.0,4
91025156.0,4
353041.0,4
511655.0,4
509116.0,4
91026829.0,4
91032575.0,4
189758.0,4
355295.0,4
91063713.0,4
188418.0,4
24122020.0,4
510251.0,4
91014298.0,4
603022.0,4
525118.0,4
364297.0,4
24123222.0,4
603113.0,4
356781.0,4
524895.0,4
605629.0,4
385882.0,4
156971.0,4
24120140.0,4
511090.0,4
352663.0,4
24124332.0,4
523946.0,4
510374.0,4
369383.0,4
91030940.0,4
153045.0,4
24120161.0,4
531041.0,4
176145.0,4
154503.0,4
510938.0,4
517952.0,4
511988.0,4
509286.0,4
903421.0,4
524608.0,4
356404.0,4
415367.0,4
24122103.0,4
161679.0,4
187933.0,4
510548.0,4
383911.0,4
91010623.0,4
188441.0,4
386752.0,4
91010189.0,4
153231.0,4
521835.0,4
160306.0,4
91026217.0,4
511670.0,4
91064028.0,4
160907.0,4
91030409.0,4
504090.0,4
357330.0,4
511487.0,4
91027000.0,4
91018909.0,4
91013372.0,4
91017622.0,4
141243.0,4
362796.0,4
384566.0,4
382493.0,4
24120122.0,4
452084.0,4
91013053.0,4
91013964.0,4
511422.0,4
524252.0,4
382122.0,4
390198.0,4
509245.0,4
152638.0,4
322017.0,4
91016285.0,4
603752.0,4
24124242.0,4
91063560.0,4
24122895.0,4
91025504.0,4
91010437.0,4
509548.0,4
171317.0,4
383797.0,4
189886.0,4
322748.0,4
410185.0,4
155018.0,4
412530.0,4
149958.0,4
91027469.0,4
363635.0,4
361935.0,4
523243.0,4
149583.0,4
146486.0,4
91030008.0,4
521623.0,4
527622.0,4
351366.0,4
91026448.0,4
524911.0,4
143169.0,4
91034644.0,4
511889.0,4
91027058.0,4
91032006.0,4
144426.0,4
174417.0,4
153122.0,4
504585.0,4
155845.0,4
159607.0,4
91034891.0,4
173863.0,4
515116.0,4
362775.0,4
351890.0,4
186429.0,4
154379.0,4
523418.0,4
903249.0,4
91027385.0,4
352231.0,4
511689.0,4
447544.0,4
91034942.0,4
521946.0,4
320516.0,4
601776.0,4
369948.0,4
510500.0,4
150066.0,4
91064509.0,4
24123221.0,4
902658.0,4
24122106.0,4
91062618.0,4
385407.0,4
200474.0,4
813955.0,4
603166.0,4
24122773.0,4
91014994.0,4
24123554.0,4
166449.0,4
503565.0,4
901677.0,4
523236.0,4
523286.0,4
179379.0,4
35201.0,3
50016426.0,3
194270.0,3
50013493.0,3
169766.0,3
50017458.0,3
239100.0,3
15271.0,3
91012677.0,3
63376.0,3
60875.0,3
143133.0,3
50012520.0,3
232773.0,3
138648.0,3
35995.0,3
201030.0,3
6152.0,3
11259.0,3
270193.0,3
50015227.0,3
220604.0,3
240310.0,3
21532.0,3
37364.0,3
58701.0,3
50013149.0,3
50017096.0,3
8467.0,3
17359.0,3
169724.0,3
50016764.0,3
170356.0,3
50013220.0,3
241351.0,3
50015331.0,3
729.0,3
175355.0,3
17358.0,3
91033467.0,3
239102.0,3
220488.0,3
91025283.0,3
360736.0,3
63200.0,3
902660.0,3
91012581.0,3
174940.0,3
91013349.0,3
50015462.0,3
231615.0,3
91027228.0,3
91014260.0,3
35308.0,3
50017116.0,3
50017138.0,3
9969.0,3
137608.0,3
41290.0,3
50013464.0,3
50014238.0,3
181088.0,3
41293.0,3
8479.0,3
91013826.0,3
39195.0,3
17361.0,3
7984.0,3
170281.0,3
91030254.0,3
225546.0,3
220306.0,3
53871.0,3
214126.0,3
41016.0,3
225066.0,3
220244.0,3
244972.0,3
38080.0,3
12066.0,3
174843.0,3
193174.0,3
50015640.0,3
224792.0,3
185365.0,3
218377.0,3
50015417.0,3
223608.0,3
241845.0,3
50013278.0,3
50016947.0,3
50012350.0,3
200197.0,3
245440.0,3
50015255.0,3
55408.0,3
50017529.0,3
602002.0,3
602120.0,3
151931.0,3
505619.0,3
50012852.0,3
50012761.0,3
50015021.0,3
15238.0,3
383887.0,3
270595.0,3
50013242.0,3
50012830.0,3
50016773.0,3
59050.0,3
712.0,3
174936.0,3
91013107.0,3
196912.0,3
324656.0,3
520910.0,3
213527.0,3
502768.0,3
417646.0,3
24120532.0,3
453423.0,3
37531.0,3
175160.0,3
91021518.0,3
91011604.0,3
365068.0,3
91033649.0,3
606015.0,3
350530.0,3
91030239.0,3
359433.0,3
24123717.0,3
321545.0,3
455492.0,3
358815.0,3
522388.0,3
213413.0,3
50015701.0,3
4988.0,3
521968.0,3
228517.0,3
602151.0,3
94616.0,3
133859.0,3
51927.0,3
223452.0,3
521986.0,3
505335.0,3
170517.0,3
143071.0,3
245133.0,3
50016335.0,3
50015622.0,3
173802.0,3
220383.0,3
20583.0,3
91025704.0,3
91022791.0,3
526089.0,3
91013213.0,3
390204.0,3
214751.0,3
50014245.0,3
91063534.0,3
91027071.0,3
24122118.0,3
901122.0,3
24120674.0,3
183828.0,3
173195.0,3
10309.0,3
42135.0,3
91025862.0,3
146352.0,3
322613.0,3
320139.0,3
60160.0,3
50016319.0,3
151948.0,3
136651.0,3
154313.0,3
172956.0,3
91021161.0,3
50016584.0,3
91027384.0,3
50015224.0,3
388095.0,3
359842.0,3
17636.0,3
24124324.0,3
50012931.0,3
50012696.0,3
140502.0,3
524213.0,3
50015689.0,3
50013406.0,3
53614.0,3
169209.0,3
148352.0,3
197047.0,3
91011343.0,3
154287.0,3
91017906.0,3
174526.0,3
524916.0,3
20591.0,3
24120544.0,3
169764.0,3
50013925.0,3
195314.0,3
158158.0,3
367816.0,3
528375.0,3
4109.0,3
145998.0,3
64428.0,3
24122898.0,3
91025697.0,3
186646.0,3
24122701.0,3
148884.0,3
602504.0,3
91026603.0,3
181020.0,3
362241.0,3
161888.0,3
24122293.0,3
91014494.0,3
161261.0,3
24122302.0,3
91030645.0,3
522105.0,3
24122304.0,3
201886.0,3
91029487.0,3
297840.0,3
151494.0,3
514261.0,3
195234.0,3
155746.0,3
155708.0,3
91026299.0,3
153416.0,3
154290.0,3
351608.0,3
91013112.0,3
171448.0,3
24121977.0,3
24122306.0,3
169815.0,3
88656.0,3
91018470.0,3
220595.0,3
91060590.0,3
155006.0,3
91026961.0,3
91033028.0,3
91020870.0,3
239173.0,3
91032157.0,3
385666.0,3
91015801.0,3
181890.0,3
91060661.0,3
529180.0,3
504249.0,3
606040.0,3
91029420.0,3
50013441.0,3
91018963.0,3
91029068.0,3
24120094.0,3
521531.0,3
91027081.0,3
320931.0,3
160122.0,3
91033205.0,3
160172.0,3
50013294.0,3
381883.0,3
323669.0,3
363464.0,3
161212.0,3
322043.0,3
24119876.0,3
526098.0,3
91030658.0,3
138131.0,3
91025718.0,3
465157.0,3
147007.0,3
531284.0,3
603462.0,3
413113.0,3
181680.0,3
188380.0,3
91014108.0,3
91064008.0,3
513599.0,3
601956.0,3
91017607.0,3
91020932.0,3
210467.0,3
91028803.0,3
517519.0,3
457958.0,3
24120588.0,3
91029066.0,3
174762.0,3
368495.0,3
24121996.0,3
24121137.0,3
140252.0,3
188953.0,3
525221.0,3
507825.0,3
290014.0,3
360151.0,3
91014351.0,3
91063557.0,3
91026693.0,3
91025644.0,3
91029051.0,3
521789.0,3
205428.0,3
440788.0,3
91025171.0,3
146172.0,3
529761.0,3
91020545.0,3
323391.0,3
24122296.0,3
603193.0,3
452831.0,3
152788.0,3
412583.0,3
91032244.0,3
293922.0,3
383239.0,3
91019776.0,3
507208.0,3
504060.0,3
34687.0,3
22144593.0,3
41292.0,3
50017267.0,3
91013277.0,3
507663.0,3
390019.0,3
415860.0,3
531214.0,3
24121472.0,3
137940.0,3
517327.0,3
189778.0,3
24121239.0,3
512547.0,3
145874.0,3
361956.0,3
509005.0,3
24121330.0,3
525043.0,3
390429.0,3
155613.0,3
91018902.0,3
91030660.0,3
154588.0,3
24123203.0,3
604032.0,3
524770.0,3
174109.0,3
91035059.0,3
515858.0,3
91033038.0,3
172104.0,3
91034540.0,3
24121265.0,3
24121043.0,3
381431.0,3
522849.0,3
142952.0,3
91014448.0,3
91030156.0,3
187937.0,3
91020771.0,3
139786.0,3
529034.0,3
480816.0,3
902480.0,3
473456.0,3
200381.0,3
169475.0,3
504009.0,3
415780.0,3
91024238.0,3
91063974.0,3
351644.0,3
601214.0,3
24122738.0,3
605199.0,3
154792.0,3
512612.0,3
24121757.0,3
174580.0,3
160648.0,3
187114.0,3
163686.0,3
383282.0,3
508989.0,3
524890.0,3
901627.0,3
507945.0,3
365961.0,3
24120643.0,3
154783.0,3
207483.0,3
530211.0,3
91025372.0,3
91025712.0,3
510055.0,3
606298.0,3
534092.0,3
452291.0,3
522288.0,3
140603.0,3
389515.0,3
472627.0,3
91033472.0,3
602113.0,3
502995.0,3
24120921.0,3
451969.0,3
510855.0,3
512424.0,3
528463.0,3
151357.0,3
322940.0,3
160642.0,3
387986.0,3
91024191.0,3
152905.0,3
169085.0,3
154979.0,3
471538.0,3
514661.0,3
24120654.0,3
365480.0,3
146611.0,3
511480.0,3
509653.0,3
506710.0,3
171365.0,3
601514.0,3
352225.0,3
91019020.0,3
24120003.0,3
140140.0,3
91034060.0,3
381570.0,3
182590.0,3
522590.0,3
24122765.0,3
24119644.0,3
24122917.0,3
160441.0,3
514568.0,3
410198.0,3
513358.0,3
511419.0,3
386802.0,3
515983.0,3
508235.0,3
414885.0,3
522635.0,3
91011051.0,3
524878.0,3
504285.0,3
175170.0,3
603700.0,3
91063908.0,3
200920.0,3
91012373.0,3
24120894.0,3
521293.0,3
512562.0,3
162980.0,3
170257.0,3
172065.0,3
513604.0,3
511821.0,3
513700.0,3
513472.0,3
517010.0,3
155218.0,3
511625.0,3
381420.0,3
530772.0,3
521308.0,3
902410.0,3
91033995.0,3
506675.0,3
91024286.0,3
91010615.0,3
384031.0,3
510561.0,3
91016788.0,3
322718.0,3
514921.0,3
158694.0,3
91020897.0,3
382403.0,3
323231.0,3
514186.0,3
361686.0,3
174675.0,3
903688.0,3
410639.0,3
91029350.0,3
508394.0,3
91028825.0,3
91029029.0,3
531208.0,3
91033598.0,3
511307.0,3
146078.0,3
159486.0,3
152195.0,3
91018066.0,3
530145.0,3
174826.0,3
138320.0,3
24124443.0,3
479810.0,3
524763.0,3
167378.0,3
410111.0,3
473488.0,3
149875.0,3
142266.0,3
602168.0,3
527170.0,3
511430.0,3
503509.0,3
530937.0,3
151978.0,3
510647.0,3
525030.0,3
91025004.0,3
512248.0,3
362079.0,3
901804.0,3
147028.0,3
181248.0,3
516233.0,3
295224.0,3
169219.0,3
504547.0,3
385879.0,3
521648.0,3
524030.0,3
91026106.0,3
200021.0,3
601143.0,3
173834.0,3
184533.0,3
517700.0,3
511342.0,3
511364.0,3
513519.0,3
323267.0,3
457365.0,3
24119821.0,3
511741.0,3
169208.0,3
506695.0,3
24123763.0,3
511440.0,3
144217.0,3
388827.0,3
503667.0,3
91012691.0,3
363192.0,3
482312.0,3
144297.0,3
523749.0,3
508887.0,3
511339.0,3
522045.0,3
24121638.0,3
171236.0,3
153346.0,3
505789.0,3
91064014.0,3
530223.0,3
152381.0,3
509067.0,3
364946.0,3
178733.0,3
510933.0,3
472495.0,3
504247.0,3
24122271.0,3
603282.0,3
91020962.0,3
142993.0,3
902959.0,3
24122771.0,3
354178.0,3
523735.0,3
514904.0,3
519683.0,3
91012959.0,3
180872.0,3
24121510.0,3
155410.0,3
189658.0,3
24120287.0,3
136624.0,3
160321.0,3
472496.0,3
149820.0,3
91016470.0,3
24120219.0,3
24121942.0,3
189762.0,3
606207.0,3
903886.0,3
163627.0,3
602572.0,3
23000244.0,3
188036.0,3
140830.0,3
511567.0,3
91028838.0,3
450108.0,3
413542.0,3
528752.0,3
902076.0,3
91065500.0,3
386172.0,3
522166.0,3
387307.0,3
140481.0,3
515583.0,3
412775.0,3
521701.0,3
157753.0,3
167659.0,3
527220.0,3
91035063.0,3
385150.0,3
386149.0,3
508387.0,3
514891.0,3
146143.0,3
366453.0,3
387117.0,3
471435.0,3
91026695.0,3
601235.0,3
176258.0,3
359660.0,3
384381.0,3
351579.0,3
91030062.0,3
144160.0,3
366230.0,3
357495.0,3
187923.0,3
24122703.0,3
354994.0,3
291660.0,3
165925.0,3
175666.0,3
182025.0,3
528414.0,3
902744.0,3
91029979.0,3
91030146.0,3
414404.0,3
178604.0,3
174476.0,3
382182.0,3
24120098.0,3
91023422.0,3
602536.0,3
91033558.0,3
91028951.0,3
2506344.0,3
91026150.0,3
323980.0,3
91030215.0,3
91064545.0,3
601975.0,3
511594.0,3
156027.0,3
159882.0,3
145662.0,3
24124431.0,3
148241.0,3
91025052.0,3
91028933.0,3
183644.0,3
91020357.0,3
91010585.0,3
142035.0,3
165468.0,3
516008.0,3
442363.0,3
510898.0,3
24120615.0,3
384707.0,3
91022794.0,3
512870.0,3
24119637.0,3
522664.0,3
471584.0,3
351558.0,3
364253.0,3
602056.0,3
91063913.0,3
155846.0,3
528141.0,3
174237.0,3
507160.0,3
91032594.0,3
415054.0,3
440037.0,3
154214.0,3
91034505.0,3
169084.0,3
176397.0,3
187095.0,3
91014413.0,3
381555.0,3
91015439.0,3
509128.0,3
91031971.0,3
410160.0,3
362169.0,3
527607.0,3
364850.0,3
817802.0,3
505203.0,3
367735.0,3
91018626.0,3
24123573.0,3
91026934.0,3
186048.0,3
514909.0,3
2502991.0,3
179635.0,3
91024457.0,3
380394.0,3
91026099.0,3
91027082.0,3
91026883.0,3
151788.0,3
91017749.0,3
802765.0,3
384255.0,3
514083.0,3
91063497.0,3
91026980.0,3
523220.0,3
513123.0,3
520914.0,3
601380.0,3
321109.0,3
174148.0,3
151415.0,3
500147.0,3
358458.0,3
388339.0,3
513926.0,3
357378.0,3
354498.0,3
529093.0,3
533807.0,3
513065.0,3
91023039.0,3
24120553.0,3
350315.0,3
91063491.0,3
91026779.0,3
156404.0,3
412098.0,3
188615.0,3
188549.0,3
149558.0,3
503955.0,3
146433.0,3
522566.0,3
183036.0,3
24124362.0,3
91023339.0,3
515498.0,3
91025256.0,3
176159.0,3
24120453.0,3
514524.0,3
176508.0,3
602585.0,3
512997.0,3
154883.0,3
91026203.0,3
142811.0,3
353416.0,3
181919.0,3
355352.0,3
390512.0,3
187580.0,3
155849.0,3
91063971.0,3
172037.0,3
803753.0,3
517861.0,3
386104.0,3
527175.0,3
167164.0,3
188909.0,3
154772.0,3
386651.0,3
169443.0,3
480046.0,3
185855.0,3
387597.0,3
531864.0,3
364498.0,3
91021370.0,3
91015292.0,3
414195.0,3
91027188.0,3
511982.0,3
145868.0,3
602567.0,3
169082.0,3
185103.0,3
509609.0,3
356392.0,3
91026254.0,3
153526.0,3
91019507.0,3
350999.0,3
145859.0,3
91012475.0,3
414454.0,3
902656.0,3
91014411.0,3
527013.0,3
515718.0,3
188777.0,3
91016630.0,3
140864.0,3
156670.0,3
176639.0,3
506541.0,3
513246.0,3
478102.0,3
367139.0,3
91025358.0,3
156928.0,3
384384.0,3
24119936.0,3
529068.0,3
514096.0,3
516045.0,3
91029035.0,3
366719.0,3
351271.0,3
91018907.0,3
514615.0,3
24121924.0,3
157647.0,3
91020446.0,3
148742.0,3
5121005.0,3
91027231.0,3
148393.0,3
384503.0,3
366155.0,3
91034014.0,3
440488.0,3
410143.0,3
904064.0,3
140593.0,3
447574.0,3
368923.0,3
507165.0,3
152958.0,3
519346.0,3
171266.0,3
145489.0,3
176358.0,3
367241.0,3
506700.0,3
24123566.0,3
91032198.0,3
91063837.0,3
165668.0,3
509293.0,3
165590.0,3
365244.0,3
163104.0,3
91062708.0,3
91026409.0,3
386605.0,3
91013113.0,3
522793.0,3
322091.0,3
145704.0,3
91025022.0,3
412255.0,3
441857.0,3
149878.0,3
91027053.0,3
384416.0,3
451919.0,3
602022.0,3
515393.0,3
388371.0,3
510203.0,3
146873.0,3
91023886.0,3
322203.0,3
152551.0,3
482383.0,3
91018291.0,3
91030630.0,3
445162.0,3
153464.0,3
153167.0,3
24122783.0,3
91023319.0,3
527733.0,3
356008.0,3
187788.0,3
152800.0,3
444829.0,3
91063547.0,3
189526.0,3
384188.0,3
149586.0,3
154774.0,3
410546.0,3
523541.0,3
513653.0,3
518604.0,3
146730.0,3
369966.0,3
91024942.0,3
91019026.0,3
177662.0,3
91031257.0,3
522832.0,3
91018079.0,3
91026520.0,3
91026489.0,3
91018916.0,3
24120213.0,3
162176.0,3
214130.0,2
239094.0,2
64429.0,2
67754.0,2
16378.0,2
50013185.0,2
57984.0,2
221288.0,2
234315.0,2
170315.0,2
220137.0,2
245509.0,2
14082.0,2
37786.0,2
10665.0,2
200223.0,2
98940.0,2
200095.0,2
50014465.0,2
91014809.0,2
24120331.0,2
10656.0,2
50013318.0,2
66888.0,2
55007.0,2
266263.0,2
230977.0,2
221246.0,2
214622.0,2
20457.0,2
27524.0,2
99970.0,2
218312.0,2
145070.0,2
7694.0,2
174630.0,2
228240.0,2
91012616.0,2
7769.0,2
230858.0,2
195938.0,2
61193.0,2
1006.0,2
41690.0,2
35355.0,2
39061.0,2
199117.0,2
32704.0,2
91033146.0,2
239740.0,2
31797.0,2
62011.0,2
50013102.0,2
240862.0,2
221098.0,2
174975.0,2
6460.0,2
233326.0,2
137385.0,2
50014569.0,2
219854.0,2
142747.0,2
24122392.0,2
4220.0,2
50014227.0,2
224800.0,2
140032.0,2
9736.0,2
179358.0,2
138687.0,2
10305.0,2
50016352.0,2
247349.0,2
11280.0,2
243851.0,2
50012360.0,2
227362.0,2
228509.0,2
23916.0,2
50013964.0,2
9702.0,2
23398.0,2
5595.0,2
91010380.0,2
227597.0,2
67615.0,2
50904.0,2
23623.0,2
36807.0,2
31198.0,2
22847.0,2
202496.0,2
31704.0,2
50014054.0,2
50012516.0,2
129548.0,2
7414.0,2
239082.0,2
91018181.0,2
234305.0,2
230380.0,2
231004.0,2
50014357.0,2
230717.0,2
67557.0,2
517905.0,2
13209.0,2
63765.0,2
67697.0,2
12632.0,2
66207.0,2
50012986.0,2
66192.0,2
272304.0,2
50015719.0,2
91025259.0,2
220386.0,2
195027.0,2
31538.0,2
91013823.0,2
814833.0,2
221787.0,2
14339.0,2
142090.0,2
229914.0,2
390213.0,2
228247.0,2
140634.0,2
8916.0,2
184745.0,2
153779.0,2
230854.0,2
19246.0,2
33182.0,2
155610.0,2
56668.0,2
91018190.0,2
91014052.0,2
194721.0,2
20504.0,2
213541.0,2
39262.0,2
91029359.0,2
61857.0,2
230300.0,2
98547.0,2
244839.0,2
50016437.0,2
239959.0,2
241057.0,2
169360.0,2
170761.0,2
219576.0,2
170380.0,2
236291.0,2
174.0,2
235169.0,2
155938.0,2
440521.0,2
213185.0,2
195060.0,2
169786.0,2
50014610.0,2
24500.0,2
50012535.0,2
172805.0,2
4453.0,2
221102.0,2
242413.0,2
91063664.0,2
229574.0,2
239208.0,2
12850.0,2
225058.0,2
91021156.0,2
57109.0,2
481612.0,2
42207.0,2
39188.0,2
91014396.0,2
4892.0,2
37454.0,2
64360.0,2
18020.0,2
35646.0,2
230984.0,2
145802.0,2
220487.0,2
239673.0,2
230593.0,2
194937.0,2
50013115.0,2
224963.0,2
91012682.0,2
66604.0,2
170501.0,2
193773.0,2
50016063.0,2
50012876.0,2
56326.0,2
34811.0,2
242414.0,2
271913.0,2
33646.0,2
245409.0,2
65000.0,2
50013538.0,2
20385.0,2
804430.0,2
60545.0,2
175919.0,2
34812.0,2
237816.0,2
98107.0,2
200733.0,2
50014418.0,2
35564.0,2
41012.0,2
50012330.0,2
527382.0,2
16079.0,2
50017058.0,2
198849.0,2
4985.0,2
359184.0,2
27522.0,2
223309.0,2
264619.0,2
214203.0,2
193314.0,2
423591.0,2
40020.0,2
237788.0,2
200118.0,2
12818.0,2
39387.0,2
13651.0,2
11994.0,2
91013899.0,2
21935.0,2
33322.0,2
91027193.0,2
36827.0,2
50015478.0,2
50017409.0,2
53024.0,2
234933.0,2
268642.0,2
4372.0,2
201592.0,2
91018229.0,2
91013193.0,2
54763.0,2
20594.0,2
230383.0,2
201041.0,2
144745.0,2
174704.0,2
91013096.0,2
50013211.0,2
224324.0,2
57980.0,2
50016676.0,2
50016779.0,2
237808.0,2
198604.0,2
235187.0,2
14305.0,2
271634.0,2
218652.0,2
66215.0,2
50012902.0,2
186478.0,2
415429.0,2
24122132.0,2
32664.0,2
34164.0,2
504570.0,2
54722.0,2
229398.0,2
173672.0,2
268006.0,2
202469.0,2
272348.0,2
9641.0,2
65416.0,2
218780.0,2
31816.0,2
238865.0,2
271860.0,2
91012575.0,2
140490.0,2
220636.0,2
23402.0,2
61565.0,2
50013504.0,2
195155.0,2
144740.0,2
50013431.0,2
12070.0,2
234698.0,2
50014626.0,2
218369.0,2
50013412.0,2
222295.0,2
172557.0,2
50013217.0,2
14387.0,2
201042.0,2
24123258.0,2
31957.0,2
145604.0,2
231445.0,2
24120864.0,2
201034.0,2
50017405.0,2
38764.0,2
23878.0,2
10620.0,2
50012398.0,2
50015621.0,2
21128.0,2
91012660.0,2
13314.0,2
166054.0,2
67798.0,2
243006.0,2
57525.0,2
145372.0,2
241943.0,2
5100.0,2
243809.0,2
219578.0,2
68218.0,2
231814.0,2
21579.0,2
63785.0,2
225557.0,2
248998.0,2
2335.0,2
11880.0,2
145005.0,2
272197.0,2
33123.0,2
54931.0,2
91063774.0,2
193582.0,2
195317.0,2
50012334.0,2
91012718.0,2
50015418.0,2
223454.0,2
91012657.0,2
24121849.0,2
138500.0,2
521837.0,2
91035069.0,2
526851.0,2
903339.0,2
383345.0,2
184609.0,2
320397.0,2
8464.0,2
158446.0,2
440689.0,2
471440.0,2
50016803.0,2
91010357.0,2
903148.0,2
140382.0,2
50017380.0,2
50012668.0,2
163508.0,2
164179.0,2
24122060.0,2
162948.0,2
132902.0,2
355704.0,2
368850.0,2
91030228.0,2
440733.0,2
601992.0,2
91014267.0,2
91011272.0,2
154407.0,2
519901.0,2
24124266.0,2
517512.0,2
362985.0,2
50016292.0,2
91024541.0,2
533945.0,2
22804.0,2
179803.0,2
161501.0,2
203619.0,2
804107.0,2
91031176.0,2
194626.0,2
458617.0,2
472201.0,2
440322.0,2
522206.0,2
201484.0,2
91018503.0,2
91025927.0,2
91025164.0,2
50014068.0,2
91060004.0,2
91012987.0,2
35999.0,2
91027013.0,2
155781.0,2
31278.0,2
170515.0,2
91033380.0,2
91017069.0,2
213412.0,2
522519.0,2
156195.0,2
91559.0,2
203931.0,2
446010.0,2
452941.0,2
236674.0,2
50016287.0,2
237052.0,2
3522.0,2
28578.0,2
231365.0,2
172217.0,2
359370.0,2
91017543.0,2
383156.0,2
193081.0,2
214232.0,2
272280.0,2
91019201.0,2
443029.0,2
173666.0,2
50014732.0,2
213611.0,2
179845.0,2
91018184.0,2
145735.0,2
174578.0,2
243303.0,2
4311.0,2
232855.0,2
193948.0,2
50017128.0,2
50014186.0,2
4240.0,2
91013025.0,2
53206.0,2
231463.0,2
50016460.0,2
91013212.0,2
133555.0,2
410920.0,2
320704.0,2
421925.0,2
33009.0,2
50016536.0,2
151649.0,2
91014819.0,2
144184.0,2
91026954.0,2
31980.0,2
91033176.0,2
505857.0,2
50016672.0,2
13861.0,2
91033593.0,2
513309.0,2
192710.0,2
239116.0,2
39125.0,2
54457.0,2
91027061.0,2
244847.0,2
231949.0,2
235002.0,2
91010246.0,2
441773.0,2
50013128.0,2
34085.0,2
91024927.0,2
420334.0,2
91027057.0,2
91025232.0,2
40060.0,2
50013046.0,2
50012406.0,2
63830.0,2
239714.0,2
91013040.0,2
290718.0,2
91012898.0,2
325643.0,2
91025926.0,2
369511.0,2
91014476.0,2
509928.0,2
50016203.0,2
223281.0,2
20616.0,2
202919.0,2
64192.0,2
454943.0,2
55080.0,2
91025941.0,2
91025986.0,2
602634.0,2
223026.0,2
91031127.0,2
91013043.0,2
440047.0,2
269730.0,2
91014381.0,2
479866.0,2
175377.0,2
24121520.0,2
366542.0,2
91017982.0,2
152792.0,2
417620.0,2
24120760.0,2
214658.0,2
50016295.0,2
388412.0,2
50014425.0,2
604341.0,2
184300.0,2
24121160.0,2
144108.0,2
202349.0,2
31041.0,2
243906.0,2
91033139.0,2
50016317.0,2
91013902.0,2
154319.0,2
173121.0,2
201372.0,2
91019015.0,2
202368.0,2
183855.0,2
245466.0,2
91013897.0,2
24123080.0,2
91014540.0,2
91011823.0,2
242224.0,2
23716.0,2
196039.0,2
205329.0,2
62981.0,2
141177.0,2
91062713.0,2
24121852.0,2
91011712.0,2
155530.0,2
28424.0,2
91026840.0,2
174697.0,2
196961.0,2
204951.0,2
91022371.0,2
271861.0,2
200173.0,2
238163.0,2
148687.0,2
91011125.0,2
6611.0,2
91016996.0,2
50012313.0,2
17302.0,2
202276.0,2
268407.0,2
169788.0,2
50012972.0,2
20518.0,2
143265.0,2
213815.0,2
50012785.0,2
50015226.0,2
50016870.0,2
13255.0,2
241568.0,2
50013000.0,2
7703.0,2
179406.0,2
20593.0,2
185225.0,2
50016060.0,2
50014162.0,2
175465.0,2
172655.0,2
91013027.0,2
266206.0,2
50013315.0,2
67764.0,2
169266.0,2
184735.0,2
243368.0,2
516148.0,2
180684.0,2
181002.0,2
24122615.0,2
24120049.0,2
91018380.0,2
513529.0,2
410151.0,2
91013856.0,2
516171.0,2
517351.0,2
168906.0,2
322061.0,2
214644.0,2
50014956.0,2
29821.0,2
523247.0,2
91015337.0,2
60320.0,2
243409.0,2
323893.0,2
91023156.0,2
530265.0,2
820968.0,2
518130.0,2
91024742.0,2
513981.0,2
244305.0,2
170532.0,2
173914.0,2
174968.0,2
171848.0,2
600538.0,2
174530.0,2
453615.0,2
43267.0,2
164951.0,2
321371.0,2
91030632.0,2
903979.0,2
163983.0,2
244341.0,2
50017464.0,2
160893.0,2
354112.0,2
62020.0,2
50014090.0,2
91025162.0,2
50016678.0,2
20515.0,2
22851.0,2
166088.0,2
362547.0,2
903533.0,2
367005.0,2
362675.0,2
360733.0,2
363953.0,2
91012497.0,2
359073.0,2
606011.0,2
91020176.0,2
242225.0,2
240997.0,2
31497.0,2
50016872.0,2
179515.0,2
136203.0,2
151455.0,2
139545.0,2
519719.0,2
99392.0,2
238088.0,2
50015044.0,2
130311.0,2
240533.0,2
91034733.0,2
24120343.0,2
386068.0,2
225939.0,2
169840.0,2
515577.0,2
50015411.0,2
33461.0,2
170530.0,2
200234.0,2
23000226.0,2
4954.0,2
93534.0,2
523256.0,2
91032305.0,2
161975.0,2
355984.0,2
169750.0,2
10079.0,2
271946.0,2
50014830.0,2
24122093.0,2
58162.0,2
320004.0,2
91013502.0,2
142981.0,2
458020.0,2
809584.0,2
449061.0,2
67637.0,2
24122052.0,2
522112.0,2
419866.0,2
155859.0,2
180997.0,2
504498.0,2
145668.0,2
451473.0,2
365483.0,2
142067.0,2
91021706.0,2
193451.0,2
65064.0,2
24120000.0,2
24121958.0,2
531220.0,2
173159.0,2
220480.0,2
24123560.0,2
516670.0,2
147278.0,2
160919.0,2
91026056.0,2
480510.0,2
361225.0,2
513256.0,2
91030167.0,2
91013875.0,2
7048.0,2
91013046.0,2
387273.0,2
506361.0,2
531372.0,2
91014030.0,2
152900.0,2
24119867.0,2
155965.0,2
91016708.0,2
136442.0,2
417453.0,2
418309.0,2
152798.0,2
208053.0,2
58090.0,2
534335.0,2
50012800.0,2
272633.0,2
94007.0,2
91016701.0,2
181142.0,2
323519.0,2
352406.0,2
50013143.0,2
30143.0,2
234160.0,2
270634.0,2
224891.0,2
50014279.0,2
148262.0,2
65655.0,2
230497.0,2
91030635.0,2
59048.0,2
53795.0,2
50015202.0,2
212550.0,2
14158.0,2
194971.0,2
24124263.0,2
245415.0,2
91010737.0,2
136977.0,2
231779.0,2
50013112.0,2
213251.0,2
61977.0,2
50015195.0,2
65475.0,2
14184.0,2
91013854.0,2
534133.0,2
37293.0,2
41743.0,2
156377.0,2
150212.0,2
269662.0,2
902768.0,2
155812.0,2
231150.0,2
91026930.0,2
508197.0,2
222826.0,2
418632.0,2
152948.0,2
91020904.0,2
139162.0,2
41387.0,2
151073.0,2
91017274.0,2
149553.0,2
146866.0,2
146685.0,2
320289.0,2
321183.0,2
133481.0,2
383883.0,2
514478.0,2
220189.0,2
482942.0,2
446900.0,2
91024825.0,2
513670.0,2
91021545.0,2
295707.0,2
388556.0,2
321291.0,2
91025388.0,2
91024598.0,2
605980.0,2
91025373.0,2
91021516.0,2
175701.0,2
24579.0,2
453806.0,2
163471.0,2
173747.0,2
325019.0,2
293697.0,2
142096.0,2
202507.0,2
228823.0,2
144492.0,2
472205.0,2
479809.0,2
520747.0,2
53138.0,2
91026757.0,2
447777.0,2
91018471.0,2
606591.0,2
363189.0,2
91026649.0,2
322664.0,2
91013266.0,2
508399.0,2
904253.0,2
175848.0,2
414414.0,2
188711.0,2
62959.0,2
522858.0,2
91031267.0,2
518481.0,2
167425.0,2
137080.0,2
510233.0,2
91028772.0,2
354688.0,2
91014248.0,2
487408.0,2
2501944.0,2
451235.0,2
91026287.0,2
529202.0,2
504150.0,2
183968.0,2
456830.0,2
354208.0,2
24120306.0,2
531495.0,2
444145.0,2
485354.0,2
91022410.0,2
603195.0,2
91016864.0,2
411733.0,2
518971.0,2
185360.0,2
91019893.0,2
91026886.0,2
91030984.0,2
521890.0,2
294631.0,2
91019822.0,2
185201.0,2
601611.0,2
414140.0,2
91026981.0,2
527475.0,2
448763.0,2
91033034.0,2
456597.0,2
91019401.0,2
141640.0,2
600876.0,2
186826.0,2
43301.0,2
507813.0,2
198572.0,2
272829.0,2
508925.0,2
31108.0,2
91027132.0,2
412264.0,2
147928.0,2
602044.0,2
506923.0,2
150328.0,2
91018401.0,2
214934.0,2
91011459.0,2
214931.0,2
24122102.0,2
504117.0,2
193088.0,2
141032.0,2
52743.0,2
50012688.0,2
91023203.0,2
187133.0,2
411419.0,2
410976.0,2
290484.0,2
91030188.0,2
801371.0,2
169869.0,2
24123685.0,2
50015697.0,2
350595.0,2
91031536.0,2
91024784.0,2
323345.0,2
410460.0,2
214885.0,2
533727.0,2
513631.0,2
50015802.0,2
213507.0,2
184752.0,2
150699.0,2
384247.0,2
91016976.0,2
156340.0,2
139548.0,2
54002.0,2
24550.0,2
24122490.0,2
505954.0,2
325656.0,2
50017286.0,2
389523.0,2
91011456.0,2
521455.0,2
205992.0,2
206178.0,2
206490.0,2
91016633.0,2
91063009.0,2
600626.0,2
91015854.0,2
91033031.0,2
91063702.0,2
521850.0,2
91014098.0,2
91064021.0,2
412025.0,2
389585.0,2
384250.0,2
91029071.0,2
145644.0,2
305942.0,2
24180468.0,2
523983.0,2
231791.0,2
91063541.0,2
211236.0,2
91025363.0,2
141422.0,2
480505.0,2
214141.0,2
50015657.0,2
24120987.0,2
420478.0,2
91016749.0,2
603491.0,2
512371.0,2
91013450.0,2
471414.0,2
50014703.0,2
139242.0,2
2501945.0,2
522826.0,2
518594.0,2
24121617.0,2
442542.0,2
91012922.0,2
91026990.0,2
172270.0,2
524257.0,2
455512.0,2
146374.0,2
164218.0,2
91017606.0,2
458035.0,2
453617.0,2
91029419.0,2
533998.0,2
24120158.0,2
472660.0,2
162590.0,2
500145.0,2
173164.0,2
415131.0,2
24122692.0,2
211863.0,2
91012932.0,2
814769.0,2
518403.0,2
904066.0,2
366680.0,2
91030358.0,2
91030963.0,2
169801.0,2
175475.0,2
56669.0,2
413082.0,2
7976.0,2
531442.0,2
91063333.0,2
138269.0,2
440115.0,2
183270.0,2
53895.0,2
456815.0,2
91034079.0,2
521895.0,2
24120384.0,2
91015957.0,2
163044.0,2
91028859.0,2
513636.0,2
91034039.0,2
509702.0,2
24122308.0,2
149653.0,2
145342.0,2
187935.0,2
293634.0,2
91021292.0,2
366598.0,2
91063660.0,2
472818.0,2
323642.0,2
513175.0,2
136875.0,2
519818.0,2
91027048.0,2
91031254.0,2
91026544.0,2
91023414.0,2
184821.0,2
184542.0,2
449639.0,2
188579.0,2
138094.0,2
423535.0,2
605462.0,2
162582.0,2
176019.0,2
511589.0,2
178363.0,2
513283.0,2
91034023.0,2
603228.0,2
91013382.0,2
91021829.0,2
419710.0,2
364588.0,2
514214.0,2
91033964.0,2
202176.0,2
24123673.0,2
167952.0,2
185409.0,2
202361.0,2
91032707.0,2
68572.0,2
227353.0,2
50014355.0,2
91026869.0,2
183353.0,2
145490.0,2
322853.0,2
91022957.0,2
453671.0,2
173712.0,2
457907.0,2
147992.0,2
514557.0,2
174880.0,2
514520.0,2
24124365.0,2
165055.0,2
177859.0,2
91035021.0,2
91030587.0,2
91030879.0,2
24121531.0,2
508577.0,2
514053.0,2
24121440.0,2
384809.0,2
511460.0,2
185422.0,2
148767.0,2
364174.0,2
453405.0,2
603999.0,2
472869.0,2
163813.0,2
523424.0,2
158284.0,2
509934.0,2
156147.0,2
521535.0,2
147433.0,2
508376.0,2
421425.0,2
385833.0,2
163588.0,2
24122768.0,2
602552.0,2
505583.0,2
154963.0,2
151666.0,2
91026967.0,2
142767.0,2
158426.0,2
511304.0,2
24119924.0,2
159387.0,2
140445.0,2
410791.0,2
24121044.0,2
363116.0,2
523969.0,2
363394.0,2
521735.0,2
213080.0,2
903973.0,2
169007.0,2
522011.0,2
523643.0,2
91012481.0,2
154969.0,2
512617.0,2
323925.0,2
155701.0,2
509230.0,2
91025498.0,2
157868.0,2
147350.0,2
386902.0,2
503504.0,2
91030751.0,2
91035011.0,2
91031889.0,2
513544.0,2
172082.0,2
91033597.0,2
142989.0,2
145931.0,2
603505.0,2
91019829.0,2
352072.0,2
174809.0,2
24122521.0,2
487407.0,2
505560.0,2
24121171.0,2
604017.0,2
200361.0,2
360475.0,2
504828.0,2
322322.0,2
189776.0,2
91027025.0,2
159724.0,2
189704.0,2
91024514.0,2
162636.0,2
503448.0,2
91012629.0,2
140058.0,2
163693.0,2
602563.0,2
91021577.0,2
151866.0,2
201175.0,2
183205.0,2
354507.0,2
91060021.0,2
511249.0,2
350736.0,2
179474.0,2
147382.0,2
91014088.0,2
177067.0,2
503389.0,2
91022637.0,2
183439.0,2
139758.0,2
356754.0,2
140483.0,2
143976.0,2
521303.0,2
24122874.0,2
24120938.0,2
91064546.0,2
91034947.0,2
606105.0,2
511141.0,2
179163.0,2
165263.0,2
91028792.0,2
292060.0,2
188231.0,2
188927.0,2
178743.0,2
182832.0,2
473598.0,2
187922.0,2
178931.0,2
174716.0,2
174971.0,2
390121.0,2
153400.0,2
91012681.0,2
323164.0,2
503970.0,2
366692.0,2
513951.0,2
518407.0,2
151499.0,2
902863.0,2
24120086.0,2
606125.0,2
606266.0,2
24119968.0,2
522928.0,2
507703.0,2
502553.0,2
362870.0,2
173182.0,2
160916.0,2
24120520.0,2
187182.0,2
521393.0,2
91030184.0,2
360235.0,2
91032298.0,2
515166.0,2
173753.0,2
91033001.0,2
151940.0,2
164447.0,2
173216.0,2
174462.0,2
91019450.0,2
511968.0,2
366411.0,2
165618.0,2
183295.0,2
523881.0,2
517836.0,2
143814.0,2
165402.0,2
91013119.0,2
506143.0,2
148890.0,2
91010240.0,2
366232.0,2
24122371.0,2
388855.0,2
187110.0,2
173241.0,2
505605.0,2
24123570.0,2
324048.0,2
91025920.0,2
524803.0,2
323899.0,2
155984.0,2
443230.0,2
521529.0,2
471204.0,2
174008.0,2
515142.0,2
523993.0,2
91013258.0,2
91025378.0,2
169180.0,2
91019381.0,2
513738.0,2
162212.0,2
514370.0,2
387004.0,2
148605.0,2
388984.0,2
91034584.0,2
412865.0,2
503526.0,2
138232.0,2
183572.0,2
91018347.0,2
357534.0,2
156521.0,2
511555.0,2
414313.0,2
528064.0,2
91026274.0,2
363426.0,2
169244.0,2
511816.0,2
529143.0,2
175716.0,2
516178.0,2
91027307.0,2
91011516.0,2
91025389.0,2
489160.0,2
507646.0,2
91022301.0,2
160300.0,2
510644.0,2
188194.0,2
160008.0,2
91025368.0,2
91012724.0,2
164771.0,2
165513.0,2
511886.0,2
91032953.0,2
161781.0,2
203318.0,2
24123734.0,2
140061.0,2
902177.0,2
188629.0,2
91026443.0,2
142733.0,2
323954.0,2
508217.0,2
517060.0,2
154693.0,2
385300.0,2
174472.0,2
524049.0,2
163273.0,2
143425.0,2
366012.0,2
386015.0,2
165400.0,2
513539.0,2
202680.0,2
513946.0,2
91018375.0,2
147997.0,2
508499.0,2
24123367.0,2
507215.0,2
185992.0,2
178792.0,2
143065.0,2
143198.0,2
24121590.0,2
136801.0,2
412033.0,2
158691.0,2
323582.0,2
169665.0,2
507012.0,2
91019784.0,2
504168.0,2
524602.0,2
181503.0,2
301904.0,2
186813.0,2
170557.0,2
91024924.0,2
24122174.0,2
386946.0,2
186548.0,2
421024.0,2
24121297.0,2
176249.0,2
188662.0,2
140801.0,2
91064035.0,2
452740.0,2
183839.0,2
151829.0,2
24123423.0,2
2502002.0,2
91060656.0,2
524239.0,2
91063032.0,2
175493.0,2
148063.0,2
188876.0,2
158346.0,2
362722.0,2
472994.0,2
602155.0,2
139916.0,2
421743.0,2
162591.0,2
513409.0,2
512848.0,2
522887.0,2
528420.0,2
144140.0,2
143830.0,2
506780.0,2
530780.0,2
91011003.0,2
155948.0,2
513638.0,2
167419.0,2
325403.0,2
511427.0,2
24122237.0,2
91033591.0,2
511940.0,2
161690.0,2
147307.0,2
24122844.0,2
510626.0,2
163629.0,2
163669.0,2
362861.0,2
526335.0,2
507643.0,2
91026227.0,2
458122.0,2
91010454.0,2
187469.0,2
142688.0,2
527724.0,2
91026749.0,2
161565.0,2
510910.0,2
386628.0,2
147624.0,2
24121289.0,2
161776.0,2
517672.0,2
513374.0,2
518549.0,2
413413.0,2
91025518.0,2
601740.0,2
163265.0,2
509369.0,2
507700.0,2
387487.0,2
162202.0,2
516400.0,2
509931.0,2
158800.0,2
91015911.0,2
602414.0,2
324821.0,2
24121974.0,2
24121376.0,2
91033220.0,2
91010478.0,2
158283.0,2
203443.0,2
91028997.0,2
182828.0,2
161014.0,2
903173.0,2
165826.0,2
513524.0,2
601864.0,2
91026733.0,2
91032034.0,2
91017853.0,2
601499.0,2
136806.0,2
472995.0,2
353293.0,2
188870.0,2
167427.0,2
362409.0,2
156204.0,2
154597.0,2
504511.0,2
91032665.0,2
522354.0,2
500300.0,2
322607.0,2
522488.0,2
24123004.0,2
155709.0,2
531788.0,2
366921.0,2
502568.0,2
161568.0,2
148995.0,2
24121899.0,2
161356.0,2
91026120.0,2
91026070.0,2
517973.0,2
602069.0,2
351848.0,2
151156.0,2
362103.0,2
352657.0,2
176143.0,2
206265.0,2
91013385.0,2
381803.0,2
514638.0,2
183444.0,2
139897.0,2
146489.0,2
513253.0,2
603574.0,2
904458.0,2
602409.0,2
351932.0,2
323558.0,2
24120801.0,2
91031956.0,2
24120579.0,2
24122432.0,2
136811.0,2
511512.0,2
146075.0,2
510125.0,2
91018217.0,2
158760.0,2
177986.0,2
156012.0,2
91063566.0,2
179219.0,2
363236.0,2
175727.0,2
385990.0,2
151544.0,2
165733.0,2
472541.0,2
91023384.0,2
451505.0,2
91062599.0,2
320013.0,2
145492.0,2
180481.0,2
320298.0,2
306954.0,2
91022564.0,2
24123397.0,2
91029418.0,2
24119873.0,2
522685.0,2
24119704.0,2
150209.0,2
324375.0,2
24121935.0,2
91029040.0,2
514841.0,2
604260.0,2
505601.0,2
531232.0,2
174411.0,2
528348.0,2
91026024.0,2
509940.0,2
367193.0,2
91026760.0,2
157356.0,2
603707.0,2
455841.0,2
174507.0,2
362621.0,2
355206.0,2
324081.0,2
471568.0,2
189662.0,2
800110.0,2
91030164.0,2
179131.0,2
158219.0,2
472742.0,2
167376.0,2
188383.0,2
473490.0,2
163944.0,2
151825.0,2
365497.0,2
510960.0,2
290295.0,2
160213.0,2
531172.0,2
146665.0,2
91033872.0,2
24121995.0,2
354240.0,2
169032.0,2
91014687.0,2
24121167.0,2
902009.0,2
178709.0,2
526841.0,2
323240.0,2
479807.0,2
187992.0,2
322574.0,2
362651.0,2
601597.0,2
324426.0,2
171023.0,2
24119888.0,2
157615.0,2
512638.0,2
159455.0,2
23000251.0,2
91020518.0,2
91034793.0,2
520369.0,2
473550.0,2
91013683.0,2
602078.0,2
202328.0,2
204939.0,2
91013500.0,2
91025715.0,2
385701.0,2
205845.0,2
91026253.0,2
411198.0,2
503912.0,2
148219.0,2
200062.0,2
188029.0,2
602233.0,2
509029.0,2
91033108.0,2
200944.0,2
149087.0,2
515025.0,2
482347.0,2
139921.0,2
91019186.0,2
365435.0,2
91030788.0,2
169536.0,2
510672.0,2
902378.0,2
178739.0,2
174373.0,2
140598.0,2
322679.0,2
184397.0,2
177473.0,2
169055.0,2
91025459.0,2
517603.0,2
91034566.0,2
473659.0,2
531647.0,2
148143.0,2
412358.0,2
167496.0,2
364871.0,2
139103.0,2
509410.0,2
202194.0,2
523747.0,2
148439.0,2
91017744.0,2
446079.0,2
91063329.0,2
203060.0,2
386840.0,2
170553.0,2
172072.0,2
24121653.0,2
508207.0,2
91025711.0,2
602385.0,2
350810.0,2
390114.0,2
514866.0,2
91028961.0,2
91034927.0,2
143945.0,2
324824.0,2
509160.0,2
502845.0,2
449280.0,2
189706.0,2
514168.0,2
207114.0,2
184503.0,2
140503.0,2
24123005.0,2
91032991.0,2
359863.0,2
524728.0,2
91025466.0,2
414778.0,2
24121993.0,2
24123332.0,2
153388.0,2
167142.0,2
521617.0,2
524818.0,2
91017053.0,2
145543.0,2
91026460.0,2
457960.0,2
471511.0,2
514578.0,2
91026898.0,2
531407.0,2
91032951.0,2
24121142.0,2
471909.0,2
515214.0,2
149821.0,2
380218.0,2
510342.0,2
357795.0,2
411787.0,2
387155.0,2
91026255.0,2
165622.0,2
24122450.0,2
24124303.0,2
504581.0,2
508404.0,2
527967.0,2
384916.0,2
153019.0,2
170580.0,2
154765.0,2
523964.0,2
91026031.0,2
384375.0,2
517546.0,2
515657.0,2
324360.0,2
514322.0,2
171318.0,2
508595.0,2
291319.0,2
91030415.0,2
505741.0,2
185135.0,2
91026864.0,2
91024187.0,2
605821.0,2
91017719.0,2
185686.0,2
902789.0,2
178486.0,2
143027.0,2
413197.0,2
91035003.0,2
510661.0,2
359307.0,2
178928.0,2
360103.0,2
512004.0,2
91064559.0,2
155679.0,2
382014.0,2
91032856.0,2
180965.0,2
516186.0,2
411861.0,2
511628.0,2
176266.0,2
141913.0,2
522175.0,2
360376.0,2
509218.0,2
188368.0,2
174831.0,2
508831.0,2
452500.0,2
91028652.0,2
359097.0,2
357786.0,2
321995.0,2
203673.0,2
24120089.0,2
171047.0,2
148744.0,2
156223.0,2
529735.0,2
526076.0,2
207480.0,2
369483.0,2
91017845.0,2
156671.0,2
171905.0,2
91027095.0,2
510287.0,2
145691.0,2
517922.0,2
384702.0,2
511759.0,2
517494.0,2
522331.0,2
322313.0,2
471927.0,2
181252.0,2
168164.0,2
91027459.0,2
91012964.0,2
183395.0,2
507168.0,2
91022710.0,2
91014286.0,2
184794.0,2
531898.0,2
175918.0,2
390355.0,2
145934.0,2
91026663.0,2
368778.0,2
91011001.0,2
183695.0,2
521710.0,2
509077.0,2
155953.0,2
163573.0,2
324733.0,2
381472.0,2
175823.0,2
180593.0,2
385740.0,2
145608.0,2
902935.0,2
514506.0,2
359337.0,2
188922.0,2
149027.0,2
91022640.0,2
513803.0,2
521458.0,2
521333.0,2
91020902.0,2
412831.0,2
187748.0,2
91029985.0,2
459972.0,2
156029.0,2
138785.0,2
529221.0,2
152641.0,2
525838.0,2
362808.0,2
91022668.0,2
411989.0,2
525271.0,2
187648.0,2
176985.0,2
440071.0,2
482457.0,2
91031278.0,2
457913.0,2
356760.0,2
91034045.0,2
524828.0,2
365554.0,2
510372.0,2
509567.0,2
137582.0,2
146732.0,2
24123128.0,2
183239.0,2
385331.0,2
511649.0,2
158652.0,2
414280.0,2
903600.0,2
410171.0,2
178924.0,2
382374.0,2
442483.0,2
503852.0,2
517537.0,2
390954.0,2
381806.0,2
174031.0,2
513146.0,2
504020.0,2
188238.0,2
513718.0,2
91014374.0,2
512817.0,2
514073.0,2
520971.0,2
156635.0,2
91013071.0,2
183765.0,2
513068.0,2
390242.0,2
165830.0,2
603078.0,2
525459.0,2
91030168.0,2
386467.0,2
518116.0,2
353530.0,2
24120280.0,2
24123757.0,2
178713.0,2
183690.0,2
531094.0,2
91018011.0,2
187942.0,2
91027460.0,2
159474.0,2
411801.0,2
163058.0,2
152213.0,2
369395.0,2
24121408.0,2
456979.0,2
91034487.0,2
91034634.0,2
510721.0,2
24122134.0,2
356157.0,2
91030065.0,2
506296.0,2
2518242.0,2
382280.0,2
357228.0,2
177842.0,2
413491.0,2
503347.0,2
507535.0,2
154519.0,2
148377.0,2
142801.0,2
385380.0,2
420082.0,2
511926.0,2
182719.0,2
510224.0,2
602614.0,2
91022692.0,2
180572.0,2
320071.0,2
24124257.0,2
602012.0,2
154324.0,2
449393.0,2
413690.0,2
24120490.0,2
155913.0,2
91026918.0,2
441053.0,2
516628.0,2
412950.0,2
154760.0,2
24122441.0,2
91019789.0,2
413501.0,2
184925.0,2
91026116.0,2
370370.0,2
382005.0,2
201418.0,2
189640.0,2
385306.0,2
169008.0,2
418746.0,2
91013089.0,2
189283.0,2
323158.0,2
352876.0,2
160667.0,2
448846.0,2
601305.0,2
162633.0,2
602931.0,2
153304.0,2
159308.0,2
91012904.0,2
154216.0,2
505077.0,2
24120792.0,2
164589.0,2
902197.0,2
182803.0,2
24120461.0,2
354049.0,2
203979.0,2
139797.0,2
147596.0,2
358860.0,2
142915.0,2
292616.0,2
522950.0,2
504635.0,2
521002.0,2
147379.0,2
384682.0,2
142050.0,2
384757.0,2
522406.0,2
900833.0,2
175757.0,2
603712.0,2
381478.0,2
24120561.0,2
24121951.0,2
91021372.0,2
140866.0,2
163934.0,2
602642.0,2
91062585.0,2
369902.0,2
352915.0,2
353845.0,2
504835.0,2
804431.0,2
354243.0,2
352483.0,2
91063663.0,2
91015511.0,2
456483.0,2
189748.0,2
91011019.0,2
186741.0,2
381205.0,2
601504.0,2
91018439.0,2
604906.0,2
359325.0,2
147398.0,2
361689.0,2
146678.0,2
530154.0,2
165205.0,2
514498.0,2
153302.0,2
367307.0,2
413003.0,2
24122170.0,2
412326.0,2
91026258.0,2
145906.0,2
502855.0,2
416234.0,2
24189713.0,2
410914.0,2
183664.0,2
519729.0,2
91026996.0,2
24122547.0,2
91019844.0,2
91027032.0,2
181499.0,2
91014826.0,2
24123779.0,2
143906.0,2
140079.0,2
511102.0,2
365339.0,2
513746.0,2
513582.0,2
142177.0,2
524943.0,2
91034483.0,2
320168.0,2
138295.0,2
159243.0,2
388738.0,2
189745.0,2
91030229.0,2
510658.0,2
153633.0,2
601459.0,2
522980.0,2
522036.0,2
24122539.0,2
472036.0,2
183865.0,2
369320.0,2
91026722.0,2
91027468.0,2
24120582.0,2
356638.0,2
320850.0,2
189741.0,2
91013359.0,2
526342.0,2
91034085.0,2
903146.0,2
24122829.0,2
606220.0,2
151535.0,2
522197.0,2
24123743.0,2
320545.0,2
24123702.0,2
151326.0,2
146723.0,2
390995.0,2
175838.0,2
508415.0,2
505108.0,2
503411.0,2
528195.0,2
147572.0,2
507547.0,2
386352.0,2
508992.0,2
171228.0,2
509850.0,2
174676.0,2
91018192.0,2
200346.0,2
91024937.0,2
322244.0,2
91030889.0,2
154993.0,2
91064557.0,2
183646.0,2
417226.0,2
819048.0,2
163946.0,2
24121059.0,2
384459.0,2
360295.0,2
91020437.0,2
358971.0,2
146329.0,2
504177.0,2
162615.0,2
170568.0,2
91024620.0,2
141791.0,2
413146.0,2
514212.0,2
604292.0,2
368046.0,2
91026893.0,2
514623.0,2
183919.0,2
188235.0,2
153133.0,2
503749.0,2
164858.0,2
147227.0,2
91019961.0,2
149616.0,2
504219.0,2
534195.0,2
91012171.0,2
201559.0,2
91033803.0,2
154998.0,2
91018648.0,2
91026303.0,2
362763.0,2
502663.0,2
367987.0,2
173555.0,2
530178.0,2
184772.0,2
452956.0,2
91026382.0,2
531124.0,2
91026754.0,2
442748.0,2
183614.0,2
524855.0,2
472746.0,2
91014358.0,2
91029080.0,2
91011582.0,2
380696.0,2
144014.0,2
163777.0,2
91061260.0,2
91063539.0,2
138185.0,2
91021080.0,2
421194.0,2
161741.0,2
163865.0,2
172687.0,2
441294.0,2
442256.0,2
504900.0,2
91034008.0,2
91013036.0,2
354540.0,2
138455.0,2
520091.0,2
355585.0,2
450427.0,2
387949.0,2
24123200.0,2
152647.0,2
171393.0,2
162609.0,2
363979.0,2
176428.0,2
521016.0,2
472936.0,2
24123308.0,2
145672.0,2
514177.0,2
145660.0,2
472871.0,2
414853.0,2
510930.0,2
138121.0,2
413809.0,2
91014453.0,2
167400.0,2
91035091.0,2
156186.0,2
154554.0,2
386782.0,2
153201.0,2
382645.0,2
180611.0,2
356350.0,2
24121317.0,2
369568.0,2
174819.0,2
174943.0,2
363269.0,2
414012.0,2
91025733.0,2
148900.0,2
503649.0,2
91021018.0,2
153566.0,2
482331.0,2
145649.0,2
183631.0,2
382519.0,2
206409.0,2
534175.0,2
523117.0,2
91014089.0,2
24123637.0,2
91033438.0,2
91063328.0,2
91015383.0,2
177044.0,2
91030413.0,2
412556.0,2
441738.0,2
188093.0,2
91012501.0,2
91027389.0,2
147927.0,2
511680.0,2
160652.0,2
205278.0,2
91026349.0,2
362133.0,2
174694.0,2
365973.0,2
505344.0,2
444061.0,2
381010.0,2
513695.0,2
24123555.0,2
91017147.0,2
91015376.0,2
2510530.0,2
146843.0,2
506718.0,2
513090.0,2
515807.0,2
367131.0,2
385032.0,2
91019925.0,2
143885.0,2
91020282.0,2
523824.0,2
815078.0,2
91035005.0,2
386596.0,2
183258.0,2
24120947.0,2
533641.0,2
91011915.0,2
141070.0,2
360832.0,2
91010576.0,2
901941.0,2
507650.0,2
147367.0,2
200454.0,2
522535.0,2
356925.0,2
201027.0,2
149098.0,2
516013.0,2
164437.0,2
152610.0,2
522880.0,2
411727.0,2
170481.0,2
91021015.0,2
603085.0,2
24121358.0,2
502364.0,2
509553.0,2
290008.0,2
24121352.0,2
91014451.0,2
91020120.0,2
156006.0,2
205416.0,2
529970.0,2
410227.0,2
185284.0,2
471483.0,2
443436.0,2
24122208.0,2
527565.0,2
359663.0,2
180046.0,2
174163.0,2
91027200.0,2
91026016.0,2
146219.0,2
91010374.0,2
24124320.0,2
152959.0,2
24121329.0,2
165232.0,2
91012365.0,2
602042.0,2
140549.0,2
91026657.0,2
183289.0,2
24122712.0,2
606064.0,2
91026307.0,2
604831.0,2
139027.0,2
148668.0,2
156686.0,2
91021007.0,2
159764.0,2
606170.0,2
389171.0,2
505163.0,2
386535.0,2
521264.0,2
91013047.0,2
163140.0,2
189000.0,2
91029041.0,2
176986.0,2
91015316.0,2
161818.0,2
410765.0,2
172720.0,2
91033512.0,2
421937.0,2
161667.0,2
352846.0,2
24122358.0,2
189490.0,2
91030209.0,2
91010499.0,2
323303.0,2
386648.0,2
529113.0,2
513698.0,2
170879.0,2
513243.0,2
5121001.0,2
176820.0,2
324557.0,2
511943.0,2
152889.0,2
157737.0,2
91019120.0,2
24121846.0,2
383845.0,2
900615.0,2
165877.0,2
155625.0,2
526194.0,2
145550.0,2
24123575.0,2
91026378.0,2
91021569.0,2
415086.0,2
455939.0,2
91023054.0,2
91016821.0,2
91021368.0,2
24121534.0,2
165729.0,2
91064100.0,2
179718.0,2
358386.0,2
91030980.0,2
360250.0,2
91010435.0,2
24121450.0,2
91062375.0,2
200150.0,2
383590.0,2
513075.0,2
514535.0,2
150112.0,2
163571.0,2
153594.0,2
201863.0,2
24121894.0,2
164233.0,2
522482.0,2
369988.0,2
512932.0,2
170280.0,2
385070.0,2
173741.0,2
163639.0,2
174428.0,2
164395.0,2
902295.0,2
181583.0,2
384485.0,2
504941.0,2
320310.0,2
91033104.0,2
325556.0,2
353038.0,2
153000.0,2
91022693.0,2
520862.0,2
531133.0,2
361758.0,2
154941.0,2
605889.0,2
162142.0,2
354469.0,2
450120.0,2
91013235.0,2
292290.0,2
819904.0,2
297257.0,2
153478.0,2
367609.0,2
384224.0,2
167697.0,2
91027597.0,2
160979.0,2
480904.0,2
189759.0,2
205722.0,2
480901.0,2
414047.0,2
450189.0,2
184962.0,2
904119.0,2
180016.0,2
171721.0,2
803080.0,2
91032839.0,2
605685.0,2
293024.0,2
153596.0,2
160325.0,2
151781.0,2
519159.0,2
147540.0,2
152945.0,2
91027043.0,2
154365.0,2
369745.0,2
91063330.0,2
178543.0,2
522646.0,2
187567.0,2
182361.0,2
24123170.0,2
352642.0,2
441999.0,2
158802.0,2
902748.0,2
91023053.0,2
185214.0,2
150161.0,2
152215.0,2
187827.0,2
388140.0,2
506730.0,2
162423.0,2
410289.0,2
362958.0,2
524932.0,2
522822.0,2
526831.0,2
154446.0,2
322349.0,2
165516.0,2
296563.0,2
364154.0,2
91029421.0,2
163760.0,2
380720.0,2
506807.0,2
24119902.0,2
24120602.0,2
157398.0,2
24121463.0,2
168215.0,2
513761.0,2
174612.0,2
800912.0,2
182760.0,2
91026950.0,2
321280.0,2
383522.0,2
363988.0,2
508917.0,2
323564.0,2
158889.0,2
153484.0,2
91033564.0,2
91014583.0,2
91025681.0,2
160646.0,2
448381.0,2
187792.0,2
91027272.0,2
180212.0,2
91010234.0,2
513286.0,2
91030265.0,2
472122.0,2
510524.0,2
523261.0,2
510923.0,2
322012.0,2
459468.0,2
91015369.0,2
514801.0,2
91026635.0,2
509530.0,2
185719.0,2
354760.0,2
171655.0,2
91035087.0,2
508834.0,2
386695.0,2
91032194.0,2
91033061.0,2
24123681.0,2
900936.0,2
24120061.0,2
183463.0,2
180299.0,2
183645.0,2
168150.0,2
523475.0,2
442756.0,2
91018294.0,2
163240.0,2
172883.0,2
186374.0,2
151967.0,2
390432.0,2
149204.0,2
200492.0,2
151543.0,2
146713.0,2
514133.0,2
323487.0,2
91027378.0,2
91026932.0,2
91014101.0,2
508787.0,2
179067.0,2
91013051.0,2
91011485.0,2
137479.0,2
527730.0,2
505817.0,2
91020385.0,2
91014156.0,2
176552.0,2
412405.0,2
164427.0,2
206943.0,2
462664.0,2
155020.0,2
91025604.0,2
157275.0,2
605141.0,2
366569.0,2
381200.0,2
353614.0,2
440817.0,2
350957.0,2
472774.0,2
421021.0,2
601431.0,2
154334.0,2
382929.0,2
900321.0,2
152408.0,2
354252.0,2
385960.0,2
443664.0,2
526509.0,2
185770.0,2
189527.0,2
137421.0,2
91028795.0,2
369109.0,2
154330.0,2
385903.0,2
168011.0,2
389319.0,2
189291.0,2
800067.0,2
178884.0,2
515309.0,2
603157.0,2
91021075.0,2
524868.0,2
91026354.0,2
91024189.0,2
24121064.0,2
91025377.0,2
182805.0,2
386657.0,2
414855.0,2
525013.0,2
353251.0,2
390375.0,2
157834.0,2
503567.0,2
91032019.0,2
142711.0,2
2503936.0,2
387275.0,2
385313.0,2
156156.0,2
91011050.0,2
509712.0,2
154292.0,2
91010282.0,2
146297.0,2
186375.0,2
24123206.0,2
144424.0,2
169024.0,2
366689.0,2
91013619.0,2
183223.0,2
511224.0,2
91010701.0,2
521577.0,2
388924.0,2
516003.0,2
91030152.0,2
162409.0,2
24124321.0,2
160173.0,2
521533.0,2
24119998.0,2
155228.0,2
388014.0,2
171107.0,2
160178.0,2
24119991.0,2
183575.0,2
145858.0,2
91020763.0,2
189661.0,2
91022718.0,2
606436.0,2
91018905.0,2
518070.0,2
517127.0,2
512522.0,2
603064.0,2
2506350.0,2
91032319.0,2
526870.0,2
164725.0,2
158500.0,2
91026437.0,2
91024240.0,2
91018898.0,2
523270.0,2
178430.0,2
91026531.0,2
91024193.0,2
200057.0,2
24122128.0,2
91030267.0,2
458631.0,2
502580.0,2
508892.0,2
363532.0,2
604918.0,2
602425.0,2
60492.0,1
50013173.0,1
50015309.0,1
236648.0,1
265199.0,1
50017057.0,1
201531.0,1
137333.0,1
17828.0,1
32135.0,1
21672.0,1
138095.0,1
200926.0,1
54927.0,1
65682.0,1
4556.0,1
38436.0,1
222996.0,1
263207.0,1
192587.0,1
225225.0,1
39123.0,1
56933.0,1
35529.0,1
15168.0,1
40604.0,1
232389.0,1
237101.0,1
65364.0,1
10425.0,1
201784.0,1
195107.0,1
39560.0,1
214568.0,1
144895.0,1
57439.0,1
175206.0,1
219478.0,1
246974.0,1
235365.0,1
50014700.0,1
214507.0,1
245437.0,1
50013985.0,1
243987.0,1
174403.0,1
139243.0,1
33022.0,1
245677.0,1
67649.0,1
224620.0,1
55424.0,1
201664.0,1
214912.0,1
172298.0,1
220531.0,1
50014716.0,1
7416.0,1
35257.0,1
193137.0,1
230194.0,1
272075.0,1
231744.0,1
226469.0,1
54865.0,1
50015914.0,1
25521.0,1
174925.0,1
225035.0,1
192488.0,1
50013916.0,1
8477.0,1
239439.0,1
172686.0,1
53947.0,1
50014457.0,1
4326.0,1
35820.0,1
230198.0,1
27526.0,1
54852.0,1
50016345.0,1
241686.0,1
220867.0,1
246906.0,1
196561.0,1
243687.0,1
198560.0,1
212841.0,1
56670.0,1
50015301.0,1
175349.0,1
37151.0,1
213123.0,1
8736.0,1
23741.0,1
50015514.0,1
10369.0,1
238519.0,1
222631.0,1
53958.0,1
2589.0,1
201406.0,1
173171.0,1
6621.0,1
224016.0,1
222163.0,1
42992.0,1
3922.0,1
22425.0,1
237676.0,1
40679.0,1
50016248.0,1
2906.0,1
20618.0,1
8399.0,1
99866.0,1
33021.0,1
173130.0,1
236418.0,1
17642.0,1
229668.0,1
56683.0,1
201184.0,1
50016737.0,1
24398.0,1
193294.0,1
60238.0,1
60091.0,1
196093.0,1
244991.0,1
50014555.0,1
228621.0,1
248213.0,1
142185.0,1
241804.0,1
197572.0,1
227319.0,1
18048.0,1
1187.0,1
50016180.0,1
196909.0,1
33027.0,1
223590.0,1
1007.0,1
50014405.0,1
53481.0,1
50013347.0,1
172174.0,1
50016163.0,1
29814.0,1
50015015.0,1
220183.0,1
37355.0,1
272347.0,1
218353.0,1
33017.0,1
17026.0,1
167753.0,1
239738.0,1
223024.0,1
50014526.0,1
236242.0,1
50014656.0,1
271902.0,1
221499.0,1
138059.0,1
141833.0,1
21339.0,1
193365.0,1
50013382.0,1
60129.0,1
198089.0,1
143364.0,1
200912.0,1
169763.0,1
50016794.0,1
13829.0,1
8842.0,1
64278.0,1
231646.0,1
234258.0,1
140174.0,1
18272.0,1
50013536.0,1
142186.0,1
193704.0,1
63751.0,1
145033.0,1
229412.0,1
243861.0,1
50013979.0,1
50013881.0,1
231398.0,1
62023.0,1
50016949.0,1
141126.0,1
234426.0,1
142413.0,1
271859.0,1
222614.0,1
50014973.0,1
196917.0,1
6426.0,1
226573.0,1
223330.0,1
50013941.0,1
60696.0,1
13058.0,1
213139.0,1
37427.0,1
231406.0,1
61825.0,1
25300.0,1
219788.0,1
220796.0,1
133863.0,1
21670.0,1
248231.0,1
12279.0,1
271263.0,1
222767.0,1
54866.0,1
142419.0,1
91022657.0,1
36867.0,1
99972.0,1
491044.0,1
67911.0,1
220079.0,1
42195.0,1
224431.0,1
53781.0,1
218824.0,1
31343.0,1
50015344.0,1
10917.0,1
145692.0,1
21228.0,1
177176.0,1
150234.0,1
170665.0,1
62078.0,1
50015288.0,1
220860.0,1
271881.0,1
39316.0,1
173796.0,1
177281.0,1
131363.0,1
269665.0,1
143213.0,1
230855.0,1
134098.0,1
37316.0,1
97956.0,1
14303.0,1
195928.0,1
32046.0,1
235954.0,1
184737.0,1
150259.0,1
192493.0,1
50015017.0,1
66965.0,1
42197.0,1
238162.0,1
61480.0,1
21665.0,1
144667.0,1
22239.0,1
7418.0,1
6541.0,1
222117.0,1
133867.0,1
225118.0,1
20430.0,1
56300.0,1
65709.0,1
149210.0,1
273162.0,1
50016408.0,1
221326.0,1
66132.0,1
146395.0,1
233004.0,1
62582.0,1
163323.0,1
91018017.0,1
200437.0,1
60720.0,1
64250.0,1
232101.0,1
243452.0,1
145697.0,1
240986.0,1
62955.0,1
245416.0,1
29766.0,1
57586.0,1
11538.0,1
272491.0,1
50015913.0,1
212166.0,1
39724.0,1
50017248.0,1
231043.0,1
133868.0,1
175161.0,1
170561.0,1
34797.0,1
243780.0,1
50015027.0,1
12017.0,1
63685.0,1
173134.0,1
169444.0,1
50015453.0,1
42201.0,1
214766.0,1
169926.0,1
222255.0,1
3121.0,1
50014285.0,1
2920.0,1
65377.0,1
18646.0,1
174868.0,1
239473.0,1
192536.0,1
237042.0,1
192857.0,1
29490.0,1
220122.0,1
232924.0,1
12216.0,1
7447.0,1
42583.0,1
100939.0,1
27008.0,1
264618.0,1
197249.0,1
193770.0,1
231575.0,1
229375.0,1
705.0,1
230781.0,1
50015758.0,1
218708.0,1
98731.0,1
52901.0,1
234268.0,1
202304.0,1
233310.0,1
3524.0,1
26274.0,1
29327.0,1
159090.0,1
133378.0,1
50015326.0,1
223405.0,1
242180.0,1
37947.0,1
133259.0,1
60642.0,1
234681.0,1
227667.0,1
221816.0,1
222039.0,1
227313.0,1
3301.0,1
40517.0,1
240368.0,1
39259.0,1
40485.0,1
58276.0,1
37782.0,1
18764.0,1
19221.0,1
243366.0,1
140526.0,1
221443.0,1
196018.0,1
50013154.0,1
135129.0,1
172728.0,1
62803.0,1
53616.0,1
227726.0,1
195121.0,1
53923.0,1
169925.0,1
41331.0,1
67288.0,1
144027.0,1
56117.0,1
18041.0,1
7118.0,1
41338.0,1
239924.0,1
141231.0,1
50016574.0,1
224385.0,1
8155.0,1
231652.0,1
5580.0,1
212562.0,1
8883.0,1
12173.0,1
11540.0,1
173776.0,1
220209.0,1
221956.0,1
235170.0,1
138658.0,1
145613.0,1
231019.0,1
68584.0,1
35566.0,1
40963.0,1
243828.0,1
4290.0,1
50016713.0,1
224315.0,1
193067.0,1
38082.0,1
16712.0,1
236739.0,1
139254.0,1
40978.0,1
245675.0,1
53566.0,1
173183.0,1
38020.0,1
232465.0,1
220969.0,1
50012279.0,1
175107.0,1
18933.0,1
240662.0,1
185359.0,1
237807.0,1
219865.0,1
242999.0,1
94487.0,1
67914.0,1
272255.0,1
34390.0,1
156175.0,1
31329.0,1
23911.0,1
221940.0,1
67521.0,1
31856.0,1
63875.0,1
177982.0,1
50933.0,1
95095.0,1
172660.0,1
138910.0,1
8711.0,1
220405.0,1
219862.0,1
229135.0,1
269656.0,1
13686.0,1
50015104.0,1
11896.0,1
99994.0,1
61556.0,1
35990.0,1
53455.0,1
151465.0,1
51528.0,1
214571.0,1
175906.0,1
62481.0,1
239101.0,1
179882.0,1
50016583.0,1
235047.0,1
243592.0,1
61524.0,1
179621.0,1
227246.0,1
50017061.0,1
224486.0,1
244304.0,1
61888.0,1
270633.0,1
236667.0,1
151378.0,1
226917.0,1
11635.0,1
272187.0,1
33214.0,1
226617.0,1
14150.0,1
245659.0,1
39712.0,1
50015716.0,1
28605.0,1
232131.0,1
158602.0,1
219657.0,1
243193.0,1
243585.0,1
232752.0,1
50013649.0,1
230822.0,1
50012200.0,1
8708.0,1
15759.0,1
13718.0,1
50017104.0,1
214099.0,1
270928.0,1
68215.0,1
192973.0,1
9829.0,1
233361.0,1
12413.0,1
230157.0,1
195595.0,1
199387.0,1
133498.0,1
195312.0,1
31139.0,1
218746.0,1
95568.0,1
39555.0,1
50013039.0,1
133335.0,1
193784.0,1
155678.0,1
227436.0,1
192804.0,1
91020143.0,1
138933.0,1
133268.0,1
99053.0,1
271879.0,1
229843.0,1
6532.0,1
175047.0,1
232205.0,1
169742.0,1
192541.0,1
136222.0,1
220309.0,1
240702.0,1
233756.0,1
175141.0,1
228473.0,1
243627.0,1
184666.0,1
91019380.0,1
228610.0,1
36846.0,1
225134.0,1
52007.0,1
7164.0,1
60256.0,1
52816.0,1
230353.0,1
233752.0,1
219775.0,1
16376.0,1
56816.0,1
172263.0,1
145796.0,1
197043.0,1
241716.0,1
200456.0,1
33152.0,1
219892.0,1
213282.0,1
238347.0,1
95054.0,1
271992.0,1
235104.0,1
54239.0,1
271951.0,1
234357.0,1
172669.0,1
196041.0,1
244375.0,1
169472.0,1
140562.0,1
228537.0,1
50013463.0,1
50013391.0,1
50017163.0,1
67913.0,1
234409.0,1
91542.0,1
224327.0,1
248209.0,1
63753.0,1
99989.0,1
198846.0,1
201740.0,1
42157.0,1
198424.0,1
173668.0,1
198409.0,1
8352.0,1
18785.0,1
8017.0,1
223408.0,1
57795.0,1
57351.0,1
60930.0,1
245610.0,1
230730.0,1
17472.0,1
220915.0,1
240139.0,1
239606.0,1
240446.0,1
245656.0,1
243182.0,1
93330.0,1
11557.0,1
42076.0,1
50015709.0,1
10249.0,1
183363.0,1
60966.0,1
320369.0,1
136272.0,1
63746.0,1
13833.0,1
235749.0,1
235849.0,1
94165.0,1
144925.0,1
153794.0,1
50902.0,1
61195.0,1
192805.0,1
41976.0,1
218777.0,1
271615.0,1
239073.0,1
36814.0,1
60839.0,1
33927.0,1
181139.0,1
240118.0,1
50013311.0,1
271871.0,1
221291.0,1
527901.0,1
7453.0,1
213235.0,1
33234.0,1
172497.0,1
98609.0,1
37898.0,1
144028.0,1
64144.0,1
9715.0,1
133397.0,1
66603.0,1
220352.0,1
3551.0,1
195073.0,1
3860.0,1
225544.0,1
199704.0,1
150278.0,1
91013041.0,1
33520.0,1
173647.0,1
8386.0,1
248210.0,1
50014848.0,1
64968.0,1
248991.0,1
11619.0,1
93340.0,1
31747.0,1
234410.0,1
213574.0,1
54754.0,1
267374.0,1
223399.0,1
245148.0,1
33094.0,1
220709.0,1
192847.0,1
91020141.0,1
227449.0,1
200918.0,1
269921.0,1
37562.0,1
197250.0,1
50014905.0,1
40993.0,1
25490.0,1
232459.0,1
41603.0,1
33346.0,1
231359.0,1
234600.0,1
52581.0,1
31411.0,1
18703.0,1
225977.0,1
174687.0,1
136964.0,1
244047.0,1
233062.0,1
230118.0,1
31500.0,1
10412.0,1
240534.0,1
268736.0,1
53879.0,1
220246.0,1
238402.0,1
199748.0,1
8247.0,1
130933.0,1
99257.0,1
50015384.0,1
233478.0,1
172807.0,1
249022.0,1
241802.0,1
50012431.0,1
222227.0,1
220250.0,1
221099.0,1
221356.0,1
144737.0,1
237222.0,1
230644.0,1
22577.0,1
220265.0,1
227586.0,1
129574.0,1
218480.0,1
193033.0,1
197820.0,1
241724.0,1
11227.0,1
181182.0,1
220307.0,1
34922.0,1
212889.0,1
219676.0,1
65439.0,1
227655.0,1
174984.0,1
67804.0,1
50013959.0,1
228576.0,1
238261.0,1
170489.0,1
9605.0,1
50012197.0,1
3861.0,1
227698.0,1
21253.0,1
229323.0,1
92890.0,1
245470.0,1
195362.0,1
167366.0,1
196033.0,1
239288.0,1
5072.0,1
66167.0,1
21859.0,1
157166.0,1
23547.0,1
229150.0,1
1609.0,1
193535.0,1
173085.0,1
229577.0,1
19966.0,1
222961.0,1
50013548.0,1
63864.0,1
18666.0,1
173189.0,1
29103.0,1
50013665.0,1
31721.0,1
137606.0,1
237787.0,1
265511.0,1
19964.0,1
33314.0,1
157188.0,1
239308.0,1
244590.0,1
150957.0,1
241622.0,1
2937.0,1
67206.0,1
233513.0,1
173482.0,1
194007.0,1
98412.0,1
233453.0,1
23616.0,1
13602.0,1
42899.0,1
213816.0,1
224497.0,1
197136.0,1
50012463.0,1
134741.0,1
228745.0,1
38104.0,1
54729.0,1
237075.0,1
50015387.0,1
179355.0,1
50012336.0,1
225037.0,1
229495.0,1
25108.0,1
9813.0,1
50014376.0,1
185381.0,1
40688.0,1
131077.0,1
245686.0,1
55014.0,1
37876.0,1
131879.0,1
40537.0,1
195930.0,1
8034.0,1
29838.0,1
25159.0,1
35699.0,1
230852.0,1
36525.0,1
9837.0,1
220457.0,1
50016684.0,1
239965.0,1
50017399.0,1
134191.0,1
11581.0,1
50015046.0,1
3240.0,1
50015426.0,1
65643.0,1
134153.0,1
229824.0,1
50014704.0,1
50013292.0,1
50012429.0,1
243197.0,1
266084.0,1
63123.0,1
8054.0,1
196043.0,1
8828.0,1
5828.0,1
193045.0,1
231336.0,1
174511.0,1
12879.0,1
240432.0,1
64683.0,1
54808.0,1
50013345.0,1
22554.0,1
24477.0,1
64184.0,1
51969.0,1
171876.0,1
28410.0,1
63101.0,1
221269.0,1
93318.0,1
239193.0,1
50013438.0,1
263927.0,1
170365.0,1
33997.0,1
196811.0,1
61142.0,1
68178.0,1
59859.0,1
66614.0,1
175574.0,1
40083.0,1
29065.0,1
32645.0,1
244827.0,1
96387.0,1
50015818.0,1
50014731.0,1
238359.0,1
140659.0,1
228859.0,1
11627.0,1
173542.0,1
248741.0,1
134834.0,1
244429.0,1
137345.0,1
268725.0,1
40076.0,1
179347.0,1
143686.0,1
50012632.0,1
4965.0,1
173683.0,1
156867.0,1
240022.0,1
93004.0,1
244407.0,1
68179.0,1
200738.0,1
271276.0,1
100522.0,1
145684.0,1
248628.0,1
50015190.0,1
27231.0,1
200952.0,1
230848.0,1
272321.0,1
174402.0,1
100895.0,1
248778.0,1
50013726.0,1
221135.0,1
245351.0,1
174740.0,1
229342.0,1
50014438.0,1
14128.0,1
140573.0,1
35668.0,1
50014048.0,1
50013608.0,1
223499.0,1
221678.0,1
221015.0,1
50013483.0,1
201785.0,1
224608.0,1
221797.0,1
34678.0,1
38017.0,1
142116.0,1
1335.0,1
224670.0,1
242455.0,1
228648.0,1
40066.0,1
218827.0,1
91383.0,1
173670.0,1
62797.0,1
173505.0,1
66163.0,1
143353.0,1
98977.0,1
194039.0,1
244702.0,1
52513.0,1
241506.0,1
240954.0,1
214213.0,1
194786.0,1
54732.0,1
218306.0,1
56905.0,1
91293.0,1
4092.0,1
28517.0,1
22063.0,1
9950.0,1
144714.0,1
221649.0,1
230203.0,1
228562.0,1
13157.0,1
2912.0,1
37492.0,1
91018985.0,1
247118.0,1
50016791.0,1
214785.0,1
239097.0,1
232187.0,1
218547.0,1
9704.0,1
239592.0,1
50013056.0,1
24180476.0,1
234924.0,1
192575.0,1
220959.0,1
54077.0,1
194931.0,1
144755.0,1
38781.0,1
170.0,1
201951.0,1
5805.0,1
507213.0,1
24123194.0,1
13820.0,1
173048.0,1
129533.0,1
248971.0,1
7066.0,1
198472.0,1
61882.0,1
231011.0,1
238809.0,1
239550.0,1
36618.0,1
60057.0,1
169457.0,1
36180.0,1
50015707.0,1
192815.0,1
12355.0,1
133596.0,1
241809.0,1
235388.0,1
245494.0,1
91026006.0,1
50255.0,1
200096.0,1
62573.0,1
237078.0,1
32070.0,1
16967.0,1
91323.0,1
33462.0,1
242009.0,1
240063.0,1
50014183.0,1
2198.0,1
218399.0,1
201449.0,1
50013437.0,1
268462.0,1
272812.0,1
50015169.0,1
236982.0,1
239885.0,1
39374.0,1
194584.0,1
50013333.0,1
142164.0,1
242639.0,1
234383.0,1
9862.0,1
241427.0,1
50013987.0,1
50015171.0,1
50015061.0,1
133466.0,1
232414.0,1
195905.0,1
243096.0,1
176896.0,1
131135.0,1
7070.0,1
233324.0,1
36812.0,1
52650.0,1
201996.0,1
50013778.0,1
131215.0,1
243560.0,1
142190.0,1
514247.0,1
174983.0,1
38836.0,1
270392.0,1
53943.0,1
142145.0,1
131164.0,1
237812.0,1
232518.0,1
27572.0,1
5644.0,1
195972.0,1
239090.0,1
50016277.0,1
50016469.0,1
50013254.0,1
50016468.0,1
1482.0,1
230630.0,1
230242.0,1
50015615.0,1
50013828.0,1
230170.0,1
50015857.0,1
60204.0,1
220117.0,1
265457.0,1
228549.0,1
33213.0,1
220357.0,1
16374.0,1
236245.0,1
243722.0,1
212947.0,1
150979.0,1
42148.0,1
213279.0,1
295821.0,1
603038.0,1
24123502.0,1
8474.0,1
39687.0,1
242219.0,1
239307.0,1
239183.0,1
272048.0,1
42007.0,1
14291.0,1
5768.0,1
199705.0,1
183663.0,1
24552.0,1
8384.0,1
231138.0,1
201480.0,1
29454.0,1
64971.0,1
163453.0,1
218618.0,1
144746.0,1
23545.0,1
38769.0,1
58639.0,1
195110.0,1
129544.0,1
55392.0,1
167154.0,1
50017461.0,1
37886.0,1
13813.0,1
136231.0,1
232241.0,1
39154.0,1
32847.0,1
197329.0,1
225061.0,1
236958.0,1
5613.0,1
226439.0,1
66151.0,1
37933.0,1
35274.0,1
201591.0,1
6596.0,1
1927.0,1
5169.0,1
54740.0,1
224239.0,1
234918.0,1
2907.0,1
231321.0,1
10381.0,1
160123.0,1
63759.0,1
33237.0,1
131141.0,1
50014502.0,1
194570.0,1
234301.0,1
39222.0,1
95044.0,1
173080.0,1
50016923.0,1
60491.0,1
91024773.0,1
231020.0,1
177738.0,1
8649.0,1
180324.0,1
235226.0,1
169974.0,1
54911.0,1
18928.0,1
34187.0,1
39611.0,1
24123765.0,1
194919.0,1
11566.0,1
247259.0,1
240884.0,1
144811.0,1
151678.0,1
239851.0,1
230202.0,1
32939.0,1
240398.0,1
239993.0,1
5684.0,1
50013028.0,1
27579.0,1
240965.0,1
12923.0,1
39132.0,1
152869.0,1
172169.0,1
50015029.0,1
35777.0,1
2889.0,1
198596.0,1
58252.0,1
9797.0,1
232480.0,1
245290.0,1
225287.0,1
39191.0,1
230250.0,1
221763.0,1
5007.0,1
50012909.0,1
214413.0,1
238968.0,1
64195.0,1
220568.0,1
243883.0,1
213784.0,1
9823.0,1
63886.0,1
172729.0,1
214143.0,1
11565.0,1
91021526.0,1
233076.0,1
239330.0,1
50016813.0,1
50015718.0,1
53187.0,1
50015883.0,1
50016717.0,1
241595.0,1
234925.0,1
238186.0,1
145327.0,1
198096.0,1
50013643.0,1
50017213.0,1
12035.0,1
17696.0,1
20259.0,1
7068.0,1
196048.0,1
200375.0,1
230102.0,1
22899.0,1
195297.0,1
64275.0,1
265134.0,1
6571.0,1
68703.0,1
243072.0,1
40676.0,1
67881.0,1
16997.0,1
50012739.0,1
244191.0,1
52026.0,1
4347.0,1
197514.0,1
99707.0,1
1003.0,1
234386.0,1
66575.0,1
224037.0,1
248438.0,1
50014092.0,1
50016675.0,1
230691.0,1
239641.0,1
198606.0,1
50017073.0,1
248396.0,1
17623.0,1
16381.0,1
35226.0,1
170378.0,1
142099.0,1
56740.0,1
68240.0,1
39452.0,1
173119.0,1
233475.0,1
50016881.0,1
50014088.0,1
143242.0,1
145355.0,1
23049.0,1
144864.0,1
141158.0,1
34888.0,1
10589.0,1
227883.0,1
38820.0,1
144963.0,1
154914.0,1
238508.0,1
247902.0,1
180819.0,1
38007.0,1
53010.0,1
50015428.0,1
95682.0,1
197597.0,1
268717.0,1
131086.0,1
221502.0,1
38011.0,1
1371.0,1
39521.0,1
172387.0,1
195247.0,1
172684.0,1
242111.0,1
137009.0,1
9287.0,1
175116.0,1
50015731.0,1
4530.0,1
134084.0,1
176657.0,1
35825.0,1
229555.0,1
223372.0,1
138893.0,1
235504.0,1
31171.0,1
65350.0,1
130267.0,1
31238.0,1
202451.0,1
8469.0,1
145652.0,1
221796.0,1
146309.0,1
226860.0,1
240888.0,1
39121.0,1
40071.0,1
232890.0,1
131170.0,1
245683.0,1
50017142.0,1
177963.0,1
231420.0,1
213367.0,1
133512.0,1
220005.0,1
6497.0,1
242482.0,1
220140.0,1
169727.0,1
31311.0,1
13824.0,1
234518.0,1
50012790.0,1
177279.0,1
31713.0,1
192824.0,1
50016010.0,1
68494.0,1
231059.0,1
221420.0,1
41329.0,1
218482.0,1
5174.0,1
54979.0,1
131884.0,1
242101.0,1
38434.0,1
193484.0,1
21372.0,1
230686.0,1
226517.0,1
10924.0,1
92884.0,1
231948.0,1
235837.0,1
196123.0,1
58027.0,1
31937.0,1
50016608.0,1
221127.0,1
198081.0,1
21802.0,1
7050.0,1
174610.0,1
225229.0,1
131169.0,1
144668.0,1
230003.0,1
237219.0,1
221644.0,1
173667.0,1
33026.0,1
98104.0,1
53465.0,1
139543.0,1
219695.0,1
212525.0,1
228501.0,1
228619.0,1
9731.0,1
40119.0,1
224225.0,1
239293.0,1
17043.0,1
171858.0,1
193750.0,1
234063.0,1
138656.0,1
97304.0,1
201786.0,1
134955.0,1
129497.0,1
54254.0,1
50012363.0,1
33038.0,1
235171.0,1
232263.0,1
97952.0,1
54996.0,1
218656.0,1
51202.0,1
198439.0,1
175328.0,1
240179.0,1
39616.0,1
17641.0,1
20526.0,1
214585.0,1
198737.0,1
50015394.0,1
18251.0,1
201547.0,1
201326.0,1
239442.0,1
4329.0,1
50015177.0,1
14148.0,1
10095.0,1
138011.0,1
50017139.0,1
222466.0,1
146336.0,1
229789.0,1
6646.0,1
173514.0,1
35714.0,1
66197.0,1
42043.0,1
234603.0,1
242419.0,1
18925.0,1
372.0,1
31404.0,1
64388.0,1
33067.0,1
65688.0,1
4463.0,1
144078.0,1
22075.0,1
54448.0,1
232810.0,1
7684.0,1
200233.0,1
230121.0,1
18665.0,1
134181.0,1
197093.0,1
143378.0,1
170728.0,1
41939.0,1
240294.0,1
170486.0,1
220407.0,1
172322.0,1
219724.0,1
65661.0,1
50017032.0,1
37404.0,1
176711.0,1
2231.0,1
33209.0,1
272310.0,1
134616.0,1
25367.0,1
141196.0,1
231627.0,1
174810.0,1
8154.0,1
17887.0,1
20859.0,1
59663.0,1
95113.0,1
66157.0,1
4306.0,1
31901.0,1
37268.0,1
224550.0,1
60163.0,1
200309.0,1
35543.0,1
56236.0,1
29831.0,1
54079.0,1
39233.0,1
131878.0,1
50016386.0,1
8398.0,1
239811.0,1
93267.0,1
50014638.0,1
200941.0,1
244730.0,1
41674.0,1
61478.0,1
214096.0,1
24020.0,1
18907.0,1
175840.0,1
50017092.0,1
8980.0,1
232393.0,1
40444.0,1
17646.0,1
64164.0,1
213307.0,1
239171.0,1
56828.0,1
144031.0,1
50013268.0,1
228460.0,1
59518.0,1
52810.0,1
238177.0,1
33029.0,1
12975.0,1
214159.0,1
172431.0,1
154120.0,1
35527.0,1
28285.0,1
137709.0,1
94017.0,1
213250.0,1
190735.0,1
230430.0,1
197591.0,1
67878.0,1
129717.0,1
62441.0,1
197583.0,1
53856.0,1
98361.0,1
23609.0,1
144914.0,1
50013574.0,1
22326.0,1
14125.0,1
50015475.0,1
218784.0,1
240847.0,1
50015797.0,1
92895.0,1
228233.0,1
50012853.0,1
66243.0,1
242934.0,1
230483.0,1
230850.0,1
144912.0,1
199777.0,1
50015008.0,1
147533.0,1
62567.0,1
212919.0,1
10413.0,1
22958.0,1
227294.0,1
37962.0,1
232440.0,1
244722.0,1
131259.0,1
64691.0,1
178603.0,1
50014866.0,1
23733.0,1
50015268.0,1
28428.0,1
230002.0,1
50013529.0,1
219380.0,1
59052.0,1
39286.0,1
139202.0,1
212975.0,1
194126.0,1
264664.0,1
50012519.0,1
691.0,1
140693.0,1
219619.0,1
244489.0,1
95079.0,1
50017126.0,1
231202.0,1
2185.0,1
53542.0,1
65698.0,1
24459.0,1
50015265.0,1
226918.0,1
61464.0,1
8907.0,1
34684.0,1
50014352.0,1
212908.0,1
52606.0,1
181085.0,1
66149.0,1
55077.0,1
138585.0,1
63879.0,1
224679.0,1
68169.0,1
214474.0,1
229440.0,1
137942.0,1
15241.0,1
100173.0,1
12816.0,1
170258.0,1
229505.0,1
2905.0,1
25358.0,1
50016206.0,1
62867.0,1
96369.0,1
174248.0,1
42916.0,1
243089.0,1
200938.0,1
137643.0,1
173574.0,1
242608.0,1
62087.0,1
133298.0,1
220252.0,1
50012672.0,1
231291.0,1
53794.0,1
169022.0,1
50014957.0,1
60807.0,1
59374.0,1
198910.0,1
194973.0,1
172875.0,1
219349.0,1
50016416.0,1
3234.0,1
19923.0,1
15714.0,1
170260.0,1
50016765.0,1
153694.0,1
193443.0,1
213425.0,1
239093.0,1
10574.0,1
234857.0,1
50013595.0,1
50017022.0,1
43241.0,1
231605.0,1
239151.0,1
220489.0,1
37558.0,1
235203.0,1
193075.0,1
201610.0,1
50016216.0,1
238764.0,1
195993.0,1
42931.0,1
172876.0,1
243713.0,1
244120.0,1
50016464.0,1
238542.0,1
93979.0,1
61569.0,1
141531.0,1
37305.0,1
33177.0,1
39063.0,1
39514.0,1
37999.0,1
91263.0,1
50013988.0,1
270638.0,1
214116.0,1
35212.0,1
2181.0,1
170885.0,1
28610.0,1
98485.0,1
50013106.0,1
228845.0,1
21208.0,1
50012594.0,1
50015503.0,1
130587.0,1
219764.0,1
235574.0,1
4374.0,1
194960.0,1
168097.0,1
244645.0,1
50012358.0,1
6081.0,1
235679.0,1
178251.0,1
18787.0,1
244418.0,1
173123.0,1
60524.0,1
62865.0,1
228440.0,1
224556.0,1
93549.0,1
9976.0,1
24697.0,1
34845.0,1
58945.0,1
50012930.0,1
58930.0,1
130053.0,1
237387.0,1
201370.0,1
20540.0,1
153725.0,1
50012425.0,1
220290.0,1
231105.0,1
240951.0,1
2341.0,1
243587.0,1
145682.0,1
243611.0,1
59844.0,1
43287.0,1
172575.0,1
221584.0,1
50012962.0,1
59204.0,1
269605.0,1
242483.0,1
229998.0,1
31794.0,1
42251.0,1
220065.0,1
236220.0,1
193135.0,1
100543.0,1
136493.0,1
223353.0,1
218541.0,1
169751.0,1
50014127.0,1
247299.0,1
50015390.0,1
66613.0,1
241974.0,1
197173.0,1
220358.0,1
50014647.0,1
237071.0,1
169817.0,1
193985.0,1
266417.0,1
222458.0,1
21479.0,1
241976.0,1
50017381.0,1
194000.0,1
230692.0,1
32988.0,1
239574.0,1
172806.0,1
52592.0,1
11662.0,1
12185.0,1
37237.0,1
221250.0,1
25633.0,1
193767.0,1
193029.0,1
140657.0,1
267439.0,1
1731.0,1
226609.0,1
29491.0,1
234597.0,1
131399.0,1
131268.0,1
220742.0,1
214103.0,1
175897.0,1
2948.0,1
231431.0,1
213286.0,1
16672.0,1
62937.0,1
6086.0,1
58129.0,1
239124.0,1
238171.0,1
235256.0,1
50014105.0,1
200239.0,1
50016251.0,1
63383.0,1
50016298.0,1
232564.0,1
50016867.0,1
169771.0,1
234652.0,1
138096.0,1
240974.0,1
50014440.0,1
50017212.0,1
200271.0,1
34709.0,1
22419.0,1
245609.0,1
50013123.0,1
54406.0,1
192869.0,1
18912.0,1
222340.0,1
50012260.0,1
242436.0,1
50012436.0,1
65395.0,1
234382.0,1
242417.0,1
270895.0,1
223683.0,1
169666.0,1
31959.0,1
62086.0,1
25759.0,1
228285.0,1
16655.0,1
50012732.0,1
50014708.0,1
20820.0,1
15403.0,1
42621.0,1
57376.0,1
66602.0,1
65284.0,1
50016835.0,1
213785.0,1
40079.0,1
248479.0,1
50013003.0,1
67537.0,1
13722.0,1
221125.0,1
29059.0,1
195947.0,1
34367.0,1
173021.0,1
184364.0,1
92512.0,1
25713.0,1
165531.0,1
224923.0,1
8776.0,1
50015191.0,1
175801.0,1
50013129.0,1
50012975.0,1
7802.0,1
200108.0,1
213508.0,1
18667.0,1
17034.0,1
43526.0,1
5652.0,1
136997.0,1
52110.0,1
170002.0,1
244783.0,1
22188.0,1
52833.0,1
2169.0,1
229500.0,1
221218.0,1
9705.0,1
31687.0,1
237449.0,1
221579.0,1
8012.0,1
22785.0,1
227333.0,1
241118.0,1
138668.0,1
138914.0,1
230378.0,1
11998.0,1
163201.0,1
23598.0,1
50012645.0,1
65338.0,1
235346.0,1
170777.0,1
224180.0,1
37204.0,1
66571.0,1
31341.0,1
238761.0,1
24736.0,1
195046.0,1
142778.0,1
197072.0,1
68603.0,1
52138.0,1
50013389.0,1
67701.0,1
22884.0,1
145634.0,1
223459.0,1
145358.0,1
8934.0,1
236405.0,1
21359.0,1
58199.0,1
50014665.0,1
221150.0,1
243160.0,1
6634.0,1
241204.0,1
175443.0,1
227578.0,1
235168.0,1
238545.0,1
202916.0,1
133433.0,1
54756.0,1
243939.0,1
5520.0,1
10625.0,1
18744.0,1
226007.0,1
249011.0,1
36503.0,1
50014389.0,1
140637.0,1
50012434.0,1
50012915.0,1
40439.0,1
170266.0,1
214797.0,1
238921.0,1
267736.0,1
54856.0,1
62841.0,1
67760.0,1
155491.0,1
295616.0,1
232086.0,1
42163.0,1
50016438.0,1
50017127.0,1
10902.0,1
226584.0,1
224472.0,1
201921.0,1
58561.0,1
173777.0,1
271665.0,1
60611.0,1
214679.0,1
13842.0,1
143363.0,1
23418.0,1
91912.0,1
261953.0,1
7696.0,1
239543.0,1
198938.0,1
60710.0,1
66635.0,1
4845.0,1
240325.0,1
194724.0,1
50015721.0,1
37296.0,1
53220.0,1
133399.0,1
231.0,1
174604.0,1
100851.0,1
138704.0,1
244731.0,1
37250.0,1
50013260.0,1
22116.0,1
270635.0,1
182781.0,1
138623.0,1
150514.0,1
194163.0,1
222836.0,1
140821.0,1
220114.0,1
50012656.0,1
240703.0,1
193378.0,1
17714.0,1
165641.0,1
13327.0,1
224198.0,1
238933.0,1
144093.0,1
41281.0,1
38770.0,1
50013879.0,1
197770.0,1
234350.0,1
227746.0,1
17869.0,1
197201.0,1
387037.0,1
518409.0,1
213247.0,1
98730.0,1
50014644.0,1
224853.0,1
13708.0,1
193332.0,1
244455.0,1
42619.0,1
227258.0,1
175590.0,1
264662.0,1
50014674.0,1
192029.0,1
221107.0,1
20534.0,1
230517.0,1
509257.0,1
24120825.0,1
220188.0,1
236661.0,1
20819.0,1
242440.0,1
8487.0,1
23449.0,1
169757.0,1
132840.0,1
193430.0,1
176049.0,1
40520.0,1
222196.0,1
100218.0,1
31169.0,1
231225.0,1
237712.0,1
230976.0,1
65457.0,1
221588.0,1
195217.0,1
57989.0,1
66612.0,1
50015822.0,1
129489.0,1
38417.0,1
219752.0,1
229454.0,1
201668.0,1
134183.0,1
62798.0,1
100961.0,1
270884.0,1
91013081.0,1
270917.0,1
243101.0,1
42656.0,1
150788.0,1
238882.0,1
12841.0,1
38094.0,1
219803.0,1
233606.0,1
221140.0,1
53222.0,1
24121261.0,1
33028.0,1
50014102.0,1
236652.0,1
8475.0,1
245608.0,1
239437.0,1
178904.0,1
220317.0,1
50017361.0,1
226406.0,1
230327.0,1
57067.0,1
214628.0,1
226824.0,1
230381.0,1
202949.0,1
17016.0,1
91029049.0,1
221147.0,1
40985.0,1
50014140.0,1
50015932.0,1
18609.0,1
55414.0,1
54853.0,1
50016050.0,1
50013022.0,1
5585.0,1
50016856.0,1
140539.0,1
5483.0,1
40044.0,1
248772.0,1
173063.0,1
59968.0,1
245671.0,1
221667.0,1
214940.0,1
219482.0,1
53215.0,1
13308.0,1
196910.0,1
193387.0,1
243073.0,1
50015132.0,1
33200.0,1
61896.0,1
231907.0,1
219517.0,1
50013353.0,1
193336.0,1
130731.0,1
195948.0,1
200207.0,1
200995.0,1
20464.0,1
145719.0,1
195322.0,1
57027.0,1
50014561.0,1
242919.0,1
183228.0,1
196062.0,1
33506.0,1
17012.0,1
21666.0,1
39395.0,1
167063.0,1
36505.0,1
141129.0,1
3114.0,1
606373.0,1
603982.0,1
98087.0,1
63023.0,1
31684.0,1
58934.0,1
64432.0,1
50014215.0,1
50012505.0,1
52616.0,1
269753.0,1
52818.0,1
200226.0,1
201673.0,1
50016047.0,1
23675.0,1
240565.0,1
31777.0,1
181000.0,1
230359.0,1
50016744.0,1
197566.0,1
31735.0,1
272800.0,1
900164.0,1
50016800.0,1
143712.0,1
50016705.0,1
239184.0,1
39252.0,1
1611.0,1
201047.0,1
482382.0,1
248218.0,1
3318.0,1
173556.0,1
6171.0,1
50014936.0,1
58251.0,1
50014593.0,1
39096.0,1
509007.0,1
54765.0,1
220790.0,1
236299.0,1
195068.0,1
32771.0,1
236655.0,1
50016709.0,1
239070.0,1
246973.0,1
5683.0,1
31524.0,1
245468.0,1
37288.0,1
57682.0,1
239335.0,1
196120.0,1
175612.0,1
230979.0,1
454.0,1
233281.0,1
224076.0,1
21933.0,1
22485.0,1
142717.0,1
243237.0,1
91026946.0,1
38092.0,1
245423.0,1
223690.0,1
61554.0,1
170401.0,1
201590.0,1
243367.0,1
141828.0,1
227693.0,1
54905.0,1
168760.0,1
138191.0,1
200019.0,1
50016413.0,1
184748.0,1
40074.0,1
91011636.0,1
508670.0,1
365486.0,1
202241.0,1
141261.0,1
91013678.0,1
195935.0,1
50012709.0,1
9836.0,1
239343.0,1
38087.0,1
233643.0,1
16969.0,1
213613.0,1
234351.0,1
24968.0,1
55053.0,1
28353.0,1
240549.0,1
15178.0,1
131000.0,1
50016228.0,1
4147.0,1
236659.0,1
234714.0,1
32012.0,1
226008.0,1
220263.0,1
35220.0,1
64991.0,1
200451.0,1
145354.0,1
194976.0,1
4200.0,1
231563.0,1
236476.0,1
139532.0,1
66110.0,1
241137.0,1
174682.0,1
40098.0,1
131264.0,1
269840.0,1
25536.0,1
8463.0,1
264752.0,1
39525.0,1
201964.0,1
239789.0,1
28802.0,1
100312.0,1
232418.0,1
55132.0,1
59228.0,1
213262.0,1
50013393.0,1
50017132.0,1
243396.0,1
66966.0,1
249014.0,1
50016909.0,1
226656.0,1
50013582.0,1
201086.0,1
39226.0,1
220683.0,1
167710.0,1
2935.0,1
193416.0,1
244719.0,1
52183.0,1
136492.0,1
272600.0,1
50013142.0,1
53007.0,1
241911.0,1
19231.0,1
221421.0,1
50015795.0,1
52677.0,1
5164.0,1
223039.0,1
268099.0,1
223691.0,1
54006.0,1
227416.0,1
51855.0,1
223449.0,1
130660.0,1
35391.0,1
1319.0,1
220762.0,1
243791.0,1
180987.0,1
222167.0,1
21457.0,1
234882.0,1
50017053.0,1
272814.0,1
213566.0,1
214717.0,1
50013137.0,1
50013164.0,1
247445.0,1
213212.0,1
13668.0,1
269679.0,1
35645.0,1
50012391.0,1
238112.0,1
195604.0,1
247411.0,1
3911.0,1
60144.0,1
39044.0,1
214625.0,1
35804.0,1
142780.0,1
221325.0,1
60161.0,1
196034.0,1
132842.0,1
241731.0,1
193826.0,1
24400.0,1
214758.0,1
31362.0,1
224823.0,1
226735.0,1
58775.0,1
201534.0,1
67752.0,1
243289.0,1
195083.0,1
194690.0,1
152144.0,1
218703.0,1
4826.0,1
53624.0,1
193374.0,1
231570.0,1
231111.0,1
140654.0,1
154267.0,1
202951.0,1
192874.0,1
244414.0,1
221575.0,1
192826.0,1
243927.0,1
241978.0,1
43289.0,1
220416.0,1
101010.0,1
241816.0,1
193463.0,1
247691.0,1
40615.0,1
50016017.0,1
221256.0,1
42014.0,1
198729.0,1
174840.0,1
37202.0,1
50013742.0,1
50013811.0,1
222464.0,1
224590.0,1
67909.0,1
134144.0,1
227559.0,1
174466.0,1
235676.0,1
235930.0,1
50017059.0,1
242507.0,1
229849.0,1
40473.0,1
245402.0,1
249009.0,1
221294.0,1
170555.0,1
90467.0,1
243976.0,1
142087.0,1
37561.0,1
234045.0,1
91397.0,1
34830.0,1
183773.0,1
29129.0,1
23759.0,1
142093.0,1
224492.0,1
17733.0,1
50013812.0,1
239605.0,1
52095.0,1
50013648.0,1
99390.0,1
241142.0,1
244959.0,1
12215.0,1
198549.0,1
50012323.0,1
221270.0,1
243747.0,1
52965.0,1
67755.0,1
243646.0,1
244532.0,1
141823.0,1
245200.0,1
144923.0,1
248933.0,1
235969.0,1
6464.0,1
239324.0,1
92145.0,1
240287.0,1
62868.0,1
175976.0,1
7458.0,1
196977.0,1
20456.0,1
238184.0,1
200990.0,1
213614.0,1
32097.0,1
33202.0,1
181058.0,1
62033.0,1
94044.0,1
6560.0,1
11988.0,1
192619.0,1
197822.0,1
37778.0,1
240025.0,1
236285.0,1
3026.0,1
50013871.0,1
196122.0,1
50013708.0,1
239098.0,1
52111.0,1
227245.0,1
22516.0,1
222596.0,1
96338.0,1
199766.0,1
67256.0,1
62837.0,1
50013539.0,1
225110.0,1
213408.0,1
145601.0,1
6104.0,1
244780.0,1
9822.0,1
195361.0,1
32801.0,1
226857.0,1
272273.0,1
194125.0,1
224230.0,1
199126.0,1
100335.0,1
231494.0,1
50013323.0,1
173715.0,1
169741.0,1
14319.0,1
27922.0,1
101019.0,1
21658.0,1
140601.0,1
175997.0,1
141125.0,1
228238.0,1
201765.0,1
232912.0,1
100339.0,1
26604.0,1
12990.0,1
21899.0,1
58159.0,1
15761.0,1
166095.0,1
172719.0,1
18670.0,1
35893.0,1
195933.0,1
96102.0,1
231370.0,1
214516.0,1
66147.0,1
185461.0,1
20182.0,1
29457.0,1
197486.0,1
4844.0,1
50014978.0,1
229616.0,1
230291.0,1
8004242.0,1
1763.0,1
16377.0,1
50015345.0,1
66217.0,1
33681.0,1
244199.0,1
174881.0,1
50012891.0,1
39352.0,1
50013285.0,1
196682.0,1
198826.0,1
238090.0,1
230195.0,1
8673.0,1
68576.0,1
38023.0,1
243222.0,1
31422.0,1
50013977.0,1
172471.0,1
41282.0,1
170003.0,1
239197.0,1
200989.0,1
50013672.0,1
201952.0,1
150282.0,1
226510.0,1
61412.0,1
234539.0,1
222337.0,1
202347.0,1
99308.0,1
245454.0,1
50014595.0,1
224333.0,1
175439.0,1
144099.0,1
50012310.0,1
50017008.0,1
231531.0,1
61170.0,1
220875.0,1
196121.0,1
7682.0,1
50013456.0,1
198807.0,1
50015510.0,1
196162.0,1
50012542.0,1
230241.0,1
236239.0,1
63682.0,1
174736.0,1
98459.0,1
21377.0,1
60047.0,1
60179.0,1
200529.0,1
64107.0,1
50014837.0,1
194831.0,1
37407.0,1
50015430.0,1
237043.0,1
55021.0,1
91024398.0,1
25709.0,1
197220.0,1
247518.0,1
8052.0,1
231084.0,1
33530.0,1
50013458.0,1
197632.0,1
99205.0,1
98574.0,1
91557.0,1
65658.0,1
50015706.0,1
66213.0,1
233434.0,1
50016052.0,1
412725.0,1
172817.0,1
193778.0,1
271962.0,1
39110.0,1
193929.0,1
213435.0,1
233769.0,1
100555.0,1
244146.0,1
100853.0,1
91020907.0,1
213077.0,1
143348.0,1
137328.0,1
200027.0,1
226923.0,1
227326.0,1
50016204.0,1
50015375.0,1
50017373.0,1
138296.0,1
6438.0,1
266264.0,1
228531.0,1
100262.0,1
145332.0,1
50012392.0,1
174806.0,1
13700.0,1
91018212.0,1
170183.0,1
91011490.0,1
528749.0,1
24122923.0,1
29120.0,1
50014542.0,1
140636.0,1
61774.0,1
33039.0,1
50015837.0,1
174427.0,1
181159.0,1
129547.0,1
5227.0,1
11679.0,1
26565.0,1
2187.0,1
62490.0,1
239075.0,1
91025157.0,1
531846.0,1
291209.0,1
153705.0,1
234282.0,1
239616.0,1
50017408.0,1
36590.0,1
41024.0,1
4986.0,1
137686.0,1
519129.0,1
530843.0,1
243304.0,1
198504.0,1
248232.0,1
50012529.0,1
152854.0,1
194044.0,1
7707.0,1
67265.0,1
214719.0,1
191784.0,1
37338.0,1
193928.0,1
197795.0,1
54421.0,1
232284.0,1
53910.0,1
91023439.0,1
175872.0,1
50012291.0,1
66100.0,1
169921.0,1
222195.0,1
228222.0,1
170512.0,1
50014572.0,1
50012963.0,1
50014750.0,1
6435.0,1
19872.0,1
238278.0,1
235219.0,1
173170.0,1
64016.0,1
7155.0,1
12073.0,1
225105.0,1
248233.0,1
19234.0,1
271691.0,1
169928.0,1
10001.0,1
67900.0,1
33505.0,1
231651.0,1
165972.0,1
220897.0,1
269788.0,1
222982.0,1
3908.0,1
9300.0,1
214540.0,1
133235.0,1
7110.0,1
53541.0,1
223476.0,1
65434.0,1
513913.0,1
414793.0,1
38832.0,1
155482.0,1
4362.0,1
243695.0,1
31489.0,1
38825.0,1
50014653.0,1
197063.0,1
241683.0,1
5783.0,1
200968.0,1
50016801.0,1
243850.0,1
99851.0,1
50016354.0,1
39578.0,1
50017271.0,1
50016421.0,1
243864.0,1
62849.0,1
91026865.0,1
152790.0,1
145938.0,1
91012578.0,1
175803.0,1
8889.0,1
129576.0,1
134127.0,1
61859.0,1
58711.0,1
26603.0,1
174113.0,1
50017141.0,1
219382.0,1
5719.0,1
53477.0,1
173186.0,1
13735.0,1
238443.0,1
240817.0,1
183130.0,1
195129.0,1
177973.0,1
270940.0,1
229327.0,1
50015807.0,1
174275.0,1
193.0,1
56333.0,1
194801.0,1
24122266.0,1
159765.0,1
221426.0,1
241801.0,1
140553.0,1
272289.0,1
198908.0,1
50017440.0,1
3932.0,1
248339.0,1
61845.0,1
13692.0,1
17460.0,1
3547.0,1
42081.0,1
247133.0,1
230316.0,1
213163.0,1
218298.0,1
386747.0,1
325522.0,1
56350.0,1
50014584.0,1
33201.0,1
137964.0,1
180161.0,1
166185.0,1
4382.0,1
229872.0,1
50013202.0,1
193745.0,1
50012522.0,1
56757.0,1
200657.0,1
179469.0,1
23124.0,1
199167.0,1
177090.0,1
383885.0,1
174164.0,1
50014637.0,1
239739.0,1
232394.0,1
243408.0,1
236746.0,1
66958.0,1
140513.0,1
236012.0,1
50013699.0,1
31372.0,1
222305.0,1
221239.0,1
59619.0,1
239947.0,1
170738.0,1
531844.0,1
382111.0,1
517915.0,1
239065.0,1
155666.0,1
67766.0,1
193531.0,1
140792.0,1
192731.0,1
61988.0,1
241835.0,1
50015771.0,1
50016037.0,1
193170.0,1
62069.0,1
244115.0,1
229421.0,1
50014135.0,1
93986.0,1
239591.0,1
0.0,1
91015381.0,1
515223.0,1
133840.0,1
8030.0,1
238996.0,1
54484.0,1
22456.0,1
36833.0,1
37332.0,1
31710.0,1
14312.0,1
133448.0,1
91310.0,1
243305.0,1
236059.0,1
240309.0,1
235883.0,1
24123003.0,1
214944.0,1
174593.0,1
236650.0,1
236672.0,1
213266.0,1
17349.0,1
229442.0,1
272303.0,1
5762.0,1
229451.0,1
10310.0,1
50012511.0,1
239685.0,1
53954.0,1
241908.0,1
56754.0,1
35253.0,1
3523.0,1
200717.0,1
202526.0,1
65454.0,1
53977.0,1
229615.0,1
53573.0,1
91021041.0,1
174421.0,1
142097.0,1
176714.0,1
146338.0,1
8032.0,1
169702.0,1
50016694.0,1
236511.0,1
136249.0,1
62082.0,1
174663.0,1
244666.0,1
31246.0,1
50013490.0,1
237080.0,1
144693.0,1
61982.0,1
184734.0,1
248671.0,1
41934.0,1
242427.0,1
150359.0,1
54867.0,1
50014078.0,1
266334.0,1
209530.0,1
91015353.0,1
33395.0,1
63024.0,1
228242.0,1
52654.0,1
62791.0,1
227658.0,1
11224.0,1
94728.0,1
56375.0,1
9918.0,1
98989.0,1
57116.0,1
228557.0,1
223627.0,1
236600.0,1
175336.0,1
220825.0,1
193093.0,1
40437.0,1
200420.0,1
237226.0,1
30086.0,1
18255.0,1
50015290.0,1
213130.0,1
58141.0,1
34735.0,1
212647.0,1
64684.0,1
34089.0,1
213171.0,1
235342.0,1
218538.0,1
158658.0,1
56764.0,1
50017123.0,1
130586.0,1
249352.0,1
266477.0,1
1571.0,1
93911.0,1
14168.0,1
133193.0,1
2936.0,1
92767.0,1
10624.0,1
15377.0,1
41332.0,1
193316.0,1
197296.0,1
3925.0,1
242170.0,1
50896.0,1
61190.0,1
141178.0,1
218597.0,1
50013411.0,1
170416.0,1
410715.0,1
16327.0,1
138208.0,1
134518.0,1
179294.0,1
39095.0,1
241331.0,1
239559.0,1
23047.0,1
50015639.0,1
64096.0,1
243318.0,1
226844.0,1
134110.0,1
50013416.0,1
67523.0,1
802736.0,1
98676.0,1
200449.0,1
194166.0,1
138017.0,1
136224.0,1
37432.0,1
50016537.0,1
38785.0,1
50016099.0,1
141825.0,1
50012387.0,1
99943.0,1
244724.0,1
195091.0,1
56274.0,1
137965.0,1
241391.0,1
56906.0,1
238547.0,1
230569.0,1
218402.0,1
240766.0,1
196683.0,1
53023.0,1
1171.0,1
50016767.0,1
528171.0,1
50015643.0,1
174842.0,1
219958.0,1
61166.0,1
4359.0,1
171853.0,1
195136.0,1
91024037.0,1
43273.0,1
54214.0,1
66925.0,1
10646.0,1
53510.0,1
231770.0,1
149300.0,1
224833.0,1
145007.0,1
8979.0,1
146435.0,1
10286.0,1
34120.0,1
50015262.0,1
64149.0,1
229486.0,1
229621.0,1
228493.0,1
31410.0,1
40422.0,1
181138.0,1
264533.0,1
220606.0,1
221768.0,1
5710.0,1
43297.0,1
227647.0,1
193727.0,1
180203.0,1
195245.0,1
141494.0,1
22507.0,1
174582.0,1
166130.0,1
130385.0,1
232806.0,1
232018.0,1
33332.0,1
38845.0,1
235833.0,1
226695.0,1
213471.0,1
50012256.0,1
248608.0,1
50017157.0,1
245046.0,1
229730.0,1
236487.0,1
35853.0,1
60698.0,1
54734.0,1
239286.0,1
240724.0,1
39139.0,1
237533.0,1
146396.0,1
228288.0,1
149417.0,1
91298.0,1
232046.0,1
195363.0,1
178320.0,1
238680.0,1
13464.0,1
1953.0,1
143690.0,1
243776.0,1
50016473.0,1
94217.0,1
238544.0,1
195005.0,1
244996.0,1
150244.0,1
13515.0,1
235642.0,1
193447.0,1
232148.0,1
56371.0,1
145022.0,1
234069.0,1
64975.0,1
61986.0,1
180822.0,1
50013361.0,1
50015649.0,1
6655.0,1
267387.0,1
141130.0,1
196040.0,1
241106.0,1
61508.0,1
218294.0,1
50012623.0,1
231951.0,1
129498.0,1
31554.0,1
50016494.0,1
234550.0,1
265596.0,1
40371.0,1
17812.0,1
142409.0,1
175149.0,1
176119.0,1
91010498.0,1
169625.0,1
234549.0,1
50012433.0,1
54859.0,1
193955.0,1
240213.0,1
222470.0,1
60694.0,1
247488.0,1
7069.0,1
10972.0,1
133852.0,1
1239.0,1
149127.0,1
194235.0,1
50017097.0,1
28325.0,1
144677.0,1
221180.0,1
233038.0,1
93826.0,1
184751.0,1
220551.0,1
50016330.0,1
50015834.0,1
50012772.0,1
272591.0,1
4923.0,1
220297.0,1
181198.0,1
136970.0,1
131794.0,1
43291.0,1
172561.0,1
50013576.0,1
50014967.0,1
195231.0,1
225491.0,1
163090.0,1
238181.0,1
50014677.0,1
240028.0,1
200032.0,1
200490.0,1
144744.0,1
227659.0,1
213536.0,1
238823.0,1
37402.0,1
240177.0,1
229776.0,1
1501.0,1
132803.0,1
229463.0,1
158128.0,1
67774.0,1
237681.0,1
194024.0,1
235903.0,1
133367.0,1
62971.0,1
6579.0,1
267441.0,1
239237.0,1
227520.0,1
265609.0,1
202495.0,1
36171.0,1
221372.0,1
214430.0,1
13739.0,1
50016920.0,1
230482.0,1
199721.0,1
42885.0,1
50016887.0,1
213186.0,1
270636.0,1
21590.0,1
236666.0,1
200925.0,1
50017463.0,1
7778.0,1
50013937.0,1
37868.0,1
172466.0,1
39507.0,1
200731.0,1
13316.0,1
130430.0,1
60147.0,1
62960.0,1
231117.0,1
241531.0,1
152194.0,1
240195.0,1
224477.0,1
136489.0,1
227398.0,1
143178.0,1
139256.0,1
202478.0,1
181195.0,1
133808.0,1
178490.0,1
14165.0,1
197277.0,1
64397.0,1
39175.0,1
24626.0,1
52998.0,1
197602.0,1
27525.0,1
230719.0,1
62843.0,1
242509.0,1
247447.0,1
50014005.0,1
191691.0,1
98519.0,1
52741.0,1
202410.0,1
21530.0,1
199370.0,1
193468.0,1
23377.0,1
24123762.0,1
99027.0,1
99776.0,1
8478.0,1
200532.0,1
40378.0,1
50012619.0,1
238274.0,1
98937.0,1
32132.0,1
35370.0,1
272267.0,1
32092.0,1
50016535.0,1
25378.0,1
198536.0,1
234079.0,1
235766.0,1
198473.0,1
58184.0,1
50016048.0,1
218367.0,1
50012245.0,1
222132.0,1
31350.0,1
222530.0,1
242460.0,1
197204.0,1
100003.0,1
220481.0,1
13882.0,1
138167.0,1
136248.0,1
50013993.0,1
192479.0,1
183589.0,1
97711.0,1
198437.0,1
143743.0,1
195963.0,1
136121.0,1
13469.0,1
238938.0,1
241565.0,1
266483.0,1
38882.0,1
137012.0,1
50014579.0,1
220739.0,1
218598.0,1
62083.0,1
91150.0,1
165191.0,1
32696.0,1
50014098.0,1
12625.0,1
54201.0,1
50016526.0,1
50014718.0,1
92887.0,1
175954.0,1
61833.0,1
29822.0,1
58114.0,1
214105.0,1
67879.0,1
202342.0,1
57987.0,1
58215.0,1
272830.0,1
66654.0,1
232753.0,1
231603.0,1
50014211.0,1
91013249.0,1
240705.0,1
240683.0,1
230208.0,1
50015391.0,1
66563.0,1
92829.0,1
28871.0,1
222739.0,1
222736.0,1
50016685.0,1
53188.0,1
57338.0,1
25508.0,1
98938.0,1
214674.0,1
50015912.0,1
50014781.0,1
168707.0,1
64374.0,1
50016379.0,1
245343.0,1
98482.0,1
172389.0,1
230141.0,1
224360.0,1
230216.0,1
33000.0,1
164364.0,1
197006.0,1
227356.0,1
56809.0,1
268023.0,1
201094.0,1
220387.0,1
66162.0,1
50013204.0,1
22783.0,1
55055.0,1
99967.0,1
249016.0,1
23395.0,1
194853.0,1
14293.0,1
36559.0,1
94066.0,1
50013481.0,1
50017230.0,1
31714.0,1
137705.0,1
226836.0,1
50014272.0,1
50016625.0,1
141208.0,1
227351.0,1
35823.0,1
50016263.0,1
5604.0,1
241944.0,1
131178.0,1
50013374.0,1
91014022.0,1
182129.0,1
187250.0,1
506117.0,1
188713.0,1
171212.0,1
91012187.0,1
206739.0,1
189121.0,1
520857.0,1
91012372.0,1
143886.0,1
186350.0,1
381168.0,1
169310.0,1
202537.0,1
514854.0,1
802116.0,1
366837.0,1
414322.0,1
91025991.0,1
169872.0,1
502603.0,1
441083.0,1
157561.0,1
91030169.0,1
146295.0,1
320630.0,1
91031852.0,1
363668.0,1
512080.0,1
472133.0,1
368064.0,1
171240.0,1
171158.0,1
166824.0,1
322616.0,1
91025375.0,1
154763.0,1
367554.0,1
157556.0,1
91032708.0,1
146690.0,1
321978.0,1
24122878.0,1
384925.0,1
157321.0,1
24120047.0,1
24123020.0,1
91033561.0,1
514058.0,1
520591.0,1
174952.0,1
173723.0,1
24120861.0,1
143962.0,1
169206.0,1
145987.0,1
509048.0,1
24120613.0,1
369190.0,1
510179.0,1
480787.0,1
170909.0,1
178700.0,1
368946.0,1
163281.0,1
526958.0,1
504242.0,1
91020147.0,1
145891.0,1
157413.0,1
441072.0,1
24119763.0,1
183346.0,1
24122921.0,1
24189729.0,1
164827.0,1
385279.0,1
380408.0,1
179733.0,1
171222.0,1
509495.0,1
174156.0,1
215162.0,1
515230.0,1
901146.0,1
188866.0,1
141430.0,1
143407.0,1
91026346.0,1
527814.0,1
322703.0,1
91063331.0,1
171101.0,1
522506.0,1
159694.0,1
166652.0,1
24121982.0,1
188938.0,1
381406.0,1
170272.0,1
163102.0,1
415852.0,1
205215.0,1
91011850.0,1
184574.0,1
148265.0,1
174339.0,1
443834.0,1
152441.0,1
154530.0,1
358707.0,1
516191.0,1
91030962.0,1
139764.0,1
178643.0,1
143722.0,1
524888.0,1
384817.0,1
189764.0,1
151800.0,1
24121903.0,1
382993.0,1
512416.0,1
322403.0,1
513624.0,1
151792.0,1
91030251.0,1
141409.0,1
91024919.0,1
151074.0,1
387764.0,1
604519.0,1
24122448.0,1
91032176.0,1
148757.0,1
352400.0,1
24123499.0,1
181255.0,1
324061.0,1
155009.0,1
530935.0,1
322974.0,1
146781.0,1
514666.0,1
297475.0,1
902369.0,1
182019.0,1
456157.0,1
91025343.0,1
472394.0,1
369530.0,1
91024819.0,1
91010720.0,1
414207.0,1
513517.0,1
91014346.0,1
176809.0,1
91033894.0,1
180079.0,1
440002.0,1
390385.0,1
148338.0,1
524810.0,1
149639.0,1
364121.0,1
518463.0,1
163132.0,1
381631.0,1
904062.0,1
506480.0,1
91030268.0,1
604229.0,1
137651.0,1
91025728.0,1
159263.0,1
200822.0,1
321601.0,1
516028.0,1
91030629.0,1
137935.0,1
508345.0,1
513841.0,1
604006.0,1
902445.0,1
471514.0,1
160626.0,1
91013355.0,1
515744.0,1
156473.0,1
903000.0,1
91015273.0,1
600621.0,1
162034.0,1
91028939.0,1
142125.0,1
161417.0,1
358023.0,1
167999.0,1
353428.0,1
513522.0,1
508314.0,1
603029.0,1
169904.0,1
146289.0,1
91026171.0,1
506653.0,1
411469.0,1
161262.0,1
143149.0,1
189215.0,1
507355.0,1
183569.0,1
91014686.0,1
293408.0,1
140798.0,1
383854.0,1
410431.0,1
2501988.0,1
388217.0,1
91010606.0,1
140029.0,1
300524.0,1
24122204.0,1
215165.0,1
412833.0,1
506387.0,1
157650.0,1
290643.0,1
170202.0,1
91016818.0,1
515739.0,1
525035.0,1
514148.0,1
24120380.0,1
471197.0,1
522218.0,1
188823.0,1
24121597.0,1
137029.0,1
357825.0,1
413598.0,1
183676.0,1
813062.0,1
181969.0,1
140135.0,1
91024381.0,1
178702.0,1
151968.0,1
140201.0,1
91031677.0,1
91063022.0,1
383799.0,1
91029964.0,1
421164.0,1
91026845.0,1
91019235.0,1
165025.0,1
24121980.0,1
388705.0,1
186184.0,1
442592.0,1
440988.0,1
91015327.0,1
525514.0,1
164235.0,1
525212.0,1
180978.0,1
164738.0,1
162239.0,1
182366.0,1
380449.0,1
91014653.0,1
531043.0,1
181278.0,1
300089.0,1
150698.0,1
163938.0,1
176208.0,1
350867.0,1
91017185.0,1
24120211.0,1
200133.0,1
162373.0,1
509310.0,1
181242.0,1
179447.0,1
441069.0,1
812417.0,1
531832.0,1
157333.0,1
169186.0,1
147792.0,1
416564.0,1
91027075.0,1
173635.0,1
156216.0,1
141266.0,1
169312.0,1
510218.0,1
91021596.0,1
24123317.0,1
24122154.0,1
510602.0,1
137397.0,1
171045.0,1
390061.0,1
147511.0,1
213866.0,1
384046.0,1
302648.0,1
91013412.0,1
352999.0,1
351211.0,1
91024509.0,1
356065.0,1
165387.0,1
91026922.0,1
136709.0,1
384203.0,1
162056.0,1
365083.0,1
513808.0,1
91030338.0,1
321139.0,1
146841.0,1
91030899.0,1
181063.0,1
151875.0,1
522473.0,1
2502925.0,1
146088.0,1
369175.0,1
156720.0,1
174256.0,1
24123271.0,1
170038.0,1
445032.0,1
146616.0,1
91033191.0,1
156039.0,1
91031701.0,1
368852.0,1
356518.0,1
902315.0,1
158710.0,1
472490.0,1
189117.0,1
91019191.0,1
184420.0,1
179650.0,1
178935.0,1
183437.0,1
364716.0,1
518029.0,1
140501.0,1
147193.0,1
382173.0,1
440820.0,1
172519.0,1
24120340.0,1
24122591.0,1
903869.0,1
518620.0,1
91026671.0,1
440639.0,1
136793.0,1
137219.0,1
175599.0,1
357747.0,1
900398.0,1
147209.0,1
527826.0,1
165426.0,1
515298.0,1
602037.0,1
353350.0,1
152459.0,1
507688.0,1
900880.0,1
185757.0,1
160656.0,1
176048.0,1
183466.0,1
91064017.0,1
137602.0,1
137889.0,1
91019924.0,1
528543.0,1
164434.0,1
138118.0,1
298119.0,1
91018425.0,1
24119757.0,1
386473.0,1
91034539.0,1
162626.0,1
179729.0,1
174426.0,1
482508.0,1
142896.0,1
386202.0,1
91020958.0,1
201309.0,1
185494.0,1
460359.0,1
525815.0,1
24123622.0,1
2506263.0,1
360739.0,1
138151.0,1
606152.0,1
186130.0,1
451709.0,1
386755.0,1
296907.0,1
91024300.0,1
504842.0,1
180333.0,1
521877.0,1
603677.0,1
91013191.0,1
157364.0,1
525167.0,1
525636.0,1
510978.0,1
143331.0,1
509951.0,1
521092.0,1
91025355.0,1
143896.0,1
600769.0,1
387531.0,1
138178.0,1
321456.0,1
600118.0,1
91017924.0,1
184903.0,1
24123192.0,1
154489.0,1
164183.0,1
178648.0,1
140831.0,1
480645.0,1
91033837.0,1
91026248.0,1
91014605.0,1
447192.0,1
163261.0,1
410886.0,1
91031471.0,1
441987.0,1
91021547.0,1
389418.0,1
301262.0,1
512574.0,1
303752.0,1
180395.0,1
386960.0,1
529115.0,1
184228.0,1
186419.0,1
161573.0,1
181394.0,1
181121.0,1
91026955.0,1
147011.0,1
138900.0,1
516225.0,1
521318.0,1
508720.0,1
91017159.0,1
154768.0,1
91011402.0,1
357981.0,1
158687.0,1
176671.0,1
512273.0,1
160383.0,1
322511.0,1
153350.0,1
140039.0,1
175589.0,1
143833.0,1
388953.0,1
901994.0,1
168230.0,1
165035.0,1
420592.0,1
351303.0,1
473540.0,1
387551.0,1
91028660.0,1
301901.0,1
422110.0,1
160112.0,1
183287.0,1
413450.0,1
184413.0,1
91022861.0,1
322445.0,1
210982.0,1
202380.0,1
512208.0,1
139895.0,1
147003.0,1
91025220.0,1
24121277.0,1
514228.0,1
175486.0,1
145673.0,1
142200.0,1
504980.0,1
390100.0,1
530987.0,1
162406.0,1
900046.0,1
24121084.0,1
380797.0,1
144319.0,1
91014614.0,1
356988.0,1
91022149.0,1
410384.0,1
142146.0,1
176323.0,1
390397.0,1
602405.0,1
91017683.0,1
151360.0,1
24122596.0,1
91033102.0,1
513557.0,1
156717.0,1
455521.0,1
139974.0,1
903531.0,1
363902.0,1
24124238.0,1
91062598.0,1
525281.0,1
144851.0,1
160551.0,1
91015275.0,1
504783.0,1
171336.0,1
604927.0,1
600110.0,1
164633.0,1
91062584.0,1
188215.0,1
146668.0,1
91026909.0,1
159751.0,1
182512.0,1
165616.0,1
153303.0,1
185036.0,1
178913.0,1
471456.0,1
518512.0,1
139521.0,1
513991.0,1
358584.0,1
91014552.0,1
91016474.0,1
363914.0,1
146232.0,1
533857.0,1
139877.0,1
358899.0,1
176373.0,1
523673.0,1
91026027.0,1
527727.0,1
159967.0,1
91025974.0,1
91020774.0,1
154380.0,1
323258.0,1
324034.0,1
174125.0,1
384696.0,1
516912.0,1
24120710.0,1
184629.0,1
421300.0,1
173502.0,1
173646.0,1
24122369.0,1
603353.0,1
529610.0,1
513923.0,1
161375.0,1
161911.0,1
172979.0,1
447268.0,1
175391.0,1
510488.0,1
170218.0,1
146142.0,1
603992.0,1
600404.0,1
91019108.0,1
512506.0,1
91016466.0,1
146069.0,1
24122063.0,1
514157.0,1
352403.0,1
367056.0,1
900912.0,1
153175.0,1
503756.0,1
601105.0,1
363641.0,1
24122355.0,1
355173.0,1
321230.0,1
165997.0,1
203225.0,1
91013169.0,1
356245.0,1
167346.0,1
185499.0,1
91060605.0,1
24122074.0,1
91014745.0,1
471539.0,1
168535.0,1
481215.0,1
147844.0,1
174105.0,1
183610.0,1
182337.0,1
147691.0,1
179801.0,1
178750.0,1
902697.0,1
154687.0,1
521330.0,1
24124319.0,1
91063625.0,1
173850.0,1
91030449.0,1
355361.0,1
173527.0,1
473568.0,1
213068.0,1
159193.0,1
352621.0,1
151971.0,1
24122300.0,1
181222.0,1
414909.0,1
385613.0,1
162828.0,1
380440.0,1
147439.0,1
140275.0,1
155992.0,1
384737.0,1
141097.0,1
24120581.0,1
413607.0,1
601665.0,1
143335.0,1
167440.0,1
203937.0,1
179630.0,1
137837.0,1
529077.0,1
526329.0,1
165500.0,1
2506307.0,1
155689.0,1
516959.0,1
146778.0,1
530024.0,1
155796.0,1
91014292.0,1
384126.0,1
170598.0,1
518501.0,1
186841.0,1
24123382.0,1
601839.0,1
169222.0,1
385265.0,1
143865.0,1
142109.0,1
370268.0,1
143083.0,1
91060676.0,1
520115.0,1
322442.0,1
528193.0,1
182201.0,1
91030744.0,1
522397.0,1
156196.0,1
363074.0,1
183116.0,1
2502397.0,1
421176.0,1
368023.0,1
91022672.0,1
146003.0,1
365560.0,1
505103.0,1
168756.0,1
389362.0,1
422463.0,1
91035034.0,1
148349.0,1
604849.0,1
164945.0,1
153296.0,1
5120199.0,1
91012973.0,1
142150.0,1
24120816.0,1
24121981.0,1
91019939.0,1
353908.0,1
161937.0,1
140375.0,1
91034604.0,1
180717.0,1
602789.0,1
483057.0,1
517865.0,1
189043.0,1
91017637.0,1
24122130.0,1
513846.0,1
903137.0,1
147412.0,1
91033863.0,1
152993.0,1
91027130.0,1
455936.0,1
91026787.0,1
189493.0,1
206481.0,1
91020906.0,1
176342.0,1
169243.0,1
386671.0,1
91024393.0,1
91030634.0,1
357864.0,1
352436.0,1
91063950.0,1
181698.0,1
509525.0,1
174985.0,1
460101.0,1
178484.0,1
462033.0,1
159706.0,1
514849.0,1
521283.0,1
171230.0,1
137593.0,1
160183.0,1
525703.0,1
174303.0,1
322709.0,1
189074.0,1
91019795.0,1
164312.0,1
158651.0,1
163406.0,1
169303.0,1
91032749.0,1
24122278.0,1
510193.0,1
146724.0,1
143824.0,1
175017.0,1
143738.0,1
91032865.0,1
512802.0,1
181319.0,1
175458.0,1
24122489.0,1
24121495.0,1
357807.0,1
24120538.0,1
324126.0,1
603017.0,1
451747.0,1
91030500.0,1
154787.0,1
167360.0,1
154800.0,1
513958.0,1
415768.0,1
170269.0,1
171098.0,1
472294.0,1
137216.0,1
91034055.0,1
178644.0,1
188685.0,1
140863.0,1
514327.0,1
165728.0,1
176825.0,1
141953.0,1
155617.0,1
354912.0,1
142278.0,1
904461.0,1
91019447.0,1
505700.0,1
390341.0,1
508329.0,1
414021.0,1
414337.0,1
182733.0,1
159718.0,1
91019509.0,1
24124307.0,1
212936.0,1
91028860.0,1
177857.0,1
180530.0,1
154507.0,1
153918.0,1
91060614.0,1
179321.0,1
520034.0,1
177195.0,1
183273.0,1
171100.0,1
363777.0,1
91010364.0,1
180863.0,1
534347.0,1
171181.0,1
184581.0,1
81156.0,1
513459.0,1
158544.0,1
146955.0,1
204729.0,1
603600.0,1
161308.0,1
184480.0,1
177664.0,1
154491.0,1
453075.0,1
189049.0,1
450090.0,1
91025493.0,1
531672.0,1
521276.0,1
390357.0,1
506942.0,1
903088.0,1
382849.0,1
174258.0,1
171243.0,1
152375.0,1
91014166.0,1
522383.0,1
24121480.0,1
509999.0,1
521944.0,1
147022.0,1
142988.0,1
506113.0,1
507832.0,1
511377.0,1
188185.0,1
180057.0,1
24122678.0,1
2526141.0,1
164584.0,1
450309.0,1
178179.0,1
169109.0,1
387954.0,1
510344.0,1
513276.0,1
454109.0,1
139670.0,1
515012.0,1
24122985.0,1
91021298.0,1
503613.0,1
140873.0,1
186200.0,1
24122003.0,1
415506.0,1
167380.0,1
504633.0,1
91033634.0,1
177852.0,1
164859.0,1
91033573.0,1
184492.0,1
2517915.0,1
174801.0,1
176999.0,1
205263.0,1
900044.0,1
384028.0,1
178851.0,1
387811.0,1
153854.0,1
353116.0,1
359803.0,1
179003.0,1
170470.0,1
517117.0,1
185295.0,1
518800.0,1
364130.0,1
180618.0,1
2518192.0,1
507432.0,1
369825.0,1
174418.0,1
518429.0,1
413838.0,1
180300.0,1
91033881.0,1
517992.0,1
513462.0,1
417492.0,1
165840.0,1
519582.0,1
188200.0,1
355674.0,1
603161.0,1
513646.0,1
176315.0,1
413261.0,1
514307.0,1
352975.0,1
145990.0,1
188748.0,1
160576.0,1
181428.0,1
324192.0,1
91010575.0,1
174033.0,1
504574.0,1
170500.0,1
173623.0,1
91013999.0,1
24122335.0,1
148224.0,1
162449.0,1
155208.0,1
160934.0,1
136796.0,1
290358.0,1
472204.0,1
91028963.0,1
473606.0,1
604942.0,1
91023740.0,1
526848.0,1
158429.0,1
169451.0,1
174770.0,1
91014718.0,1
456202.0,1
139462.0,1
24122688.0,1
502638.0,1
514013.0,1
91026226.0,1
176623.0,1
183719.0,1
502880.0,1
138610.0,1
359118.0,1
602310.0,1
170998.0,1
512648.0,1
509018.0,1
178369.0,1
154996.0,1
24121451.0,1
164684.0,1
188433.0,1
523254.0,1
168192.0,1
902686.0,1
168536.0,1
353599.0,1
159117.0,1
146533.0,1
472097.0,1
322994.0,1
139766.0,1
503657.0,1
605721.0,1
292017.0,1
24120501.0,1
144810.0,1
157957.0,1
157603.0,1
157306.0,1
157636.0,1
354631.0,1
185697.0,1
513136.0,1
603059.0,1
24121505.0,1
178404.0,1
91025200.0,1
514573.0,1
363854.0,1
170833.0,1
146119.0,1
357777.0,1
154569.0,1
188741.0,1
151709.0,1
91029119.0,1
510772.0,1
181607.0,1
364379.0,1
24123255.0,1
519785.0,1
91023475.0,1
24122770.0,1
410136.0,1
506298.0,1
605680.0,1
140670.0,1
180722.0,1
450391.0,1
149978.0,1
91033274.0,1
24120556.0,1
146121.0,1
183158.0,1
412127.0,1
174897.0,1
351124.0,1
901982.0,1
24121608.0,1
154456.0,1
472418.0,1
178618.0,1
524743.0,1
189357.0,1
172069.0,1
170969.0,1
416672.0,1
600006.0,1
421803.0,1
91011837.0,1
189801.0,1
164874.0,1
24123153.0,1
523119.0,1
170276.0,1
415753.0,1
422167.0,1
155355.0,1
189903.0,1
530461.0,1
91029087.0,1
153297.0,1
504214.0,1
507494.0,1
351280.0,1
506137.0,1
159923.0,1
606092.0,1
91027201.0,1
172073.0,1
388702.0,1
510359.0,1
368017.0,1
24123370.0,1
900086.0,1
148303.0,1
320438.0,1
471928.0,1
24123042.0,1
170939.0,1
602327.0,1
386213.0,1
151999.0,1
2510523.0,1
179664.0,1
183747.0,1
143522.0,1
146166.0,1
509471.0,1
513469.0,1
182943.0,1
517558.0,1
152558.0,1
464725.0,1
530377.0,1
352960.0,1
355898.0,1
2506341.0,1
173658.0,1
304400.0,1
158445.0,1
175825.0,1
202513.0,1
527914.0,1
411852.0,1
502379.0,1
458395.0,1
364820.0,1
382887.0,1
168141.0,1
24122750.0,1
187072.0,1
91063565.0,1
173291.0,1
364323.0,1
146331.0,1
174145.0,1
524790.0,1
607179.0,1
24120258.0,1
176620.0,1
152481.0,1
157449.0,1
152554.0,1
91016893.0,1
602109.0,1
189496.0,1
410440.0,1
200554.0,1
155468.0,1
146674.0,1
459579.0,1
184518.0,1
186529.0,1
513329.0,1
527041.0,1
91026590.0,1
370019.0,1
24120735.0,1
171132.0,1
143836.0,1
305144.0,1
322880.0,1
91024705.0,1
171591.0,1
138336.0,1
141431.0,1
509308.0,1
525112.0,1
155487.0,1
472236.0,1
145350.0,1
167313.0,1
24121990.0,1
142687.0,1
24119916.0,1
386140.0,1
525202.0,1
174198.0,1
183195.0,1
138206.0,1
602133.0,1
152009.0,1
91011620.0,1
189093.0,1
525106.0,1
504615.0,1
91019934.0,1
159198.0,1
367041.0,1
187183.0,1
203667.0,1
178246.0,1
24123333.0,1
515711.0,1
159389.0,1
528053.0,1
360454.0,1
91013255.0,1
188899.0,1
511703.0,1
167598.0,1
416699.0,1
91060594.0,1
513788.0,1
178537.0,1
517844.0,1
189287.0,1
91015453.0,1
91020140.0,1
367714.0,1
472160.0,1
91034570.0,1
168397.0,1
510766.0,1
508290.0,1
360211.0,1
148965.0,1
504651.0,1
205311.0,1
504869.0,1
901118.0,1
389750.0,1
24120447.0,1
24121108.0,1
514392.0,1
24121961.0,1
159787.0,1
189137.0,1
24122305.0,1
24123446.0,1
163824.0,1
180287.0,1
157370.0,1
153548.0,1
502842.0,1
143459.0,1
91012507.0,1
91028991.0,1
531190.0,1
91027066.0,1
158690.0,1
147895.0,1
186601.0,1
518418.0,1
382738.0,1
531142.0,1
358266.0,1
471532.0,1
165746.0,1
511457.0,1
324482.0,1
175342.0,1
451250.0,1
504518.0,1
91028936.0,1
2506270.0,1
366563.0,1
366807.0,1
91063707.0,1
91026860.0,1
139502.0,1
160910.0,1
91028942.0,1
154441.0,1
508430.0,1
24120227.0,1
522911.0,1
91030185.0,1
153556.0,1
24121604.0,1
166383.0,1
147206.0,1
153621.0,1
91030490.0,1
389225.0,1
446763.0,1
174532.0,1
601138.0,1
91032179.0,1
141009.0,1
149479.0,1
472422.0,1
157743.0,1
357429.0,1
164420.0,1
602943.0,1
184095.0,1
417644.0,1
144829.0,1
187572.0,1
605589.0,1
604231.0,1
509025.0,1
174289.0,1
24120176.0,1
367506.0,1
186107.0,1
505112.0,1
91015642.0,1
320669.0,1
147229.0,1
504684.0,1
520853.0,1
320995.0,1
514403.0,1
601079.0,1
180249.0,1
180368.0,1
155969.0,1
464272.0,1
361252.0,1
534336.0,1
214496.0,1
355895.0,1
522242.0,1
91029094.0,1
414512.0,1
817527.0,1
152631.0,1
514846.0,1
383679.0,1
189197.0,1
170091.0,1
605973.0,1
24122458.0,1
523451.0,1
324951.0,1
24123431.0,1
201884.0,1
2518157.0,1
518036.0,1
169400.0,1
2506339.0,1
168976.0,1
447289.0,1
183730.0,1
91026111.0,1
167269.0,1
24121411.0,1
444677.0,1
167069.0,1
91024735.0,1
24122218.0,1
507586.0,1
294491.0,1
91018241.0,1
156680.0,1
152338.0,1
507837.0,1
152197.0,1
158765.0,1
91031454.0,1
324050.0,1
178939.0,1
188875.0,1
200692.0,1
518805.0,1
902239.0,1
508509.0,1
24121652.0,1
91026948.0,1
139913.0,1
517032.0,1
356365.0,1
369432.0,1
471354.0,1
505755.0,1
483369.0,1
531381.0,1
24122280.0,1
91030455.0,1
91017755.0,1
157177.0,1
182822.0,1
173572.0,1
186879.0,1
604287.0,1
148375.0,1
24119669.0,1
91019343.0,1
148604.0,1
24123312.0,1
174004.0,1
819491.0,1
158465.0,1
148456.0,1
150207.0,1
91015222.0,1
323599.0,1
152510.0,1
386210.0,1
139351.0,1
504031.0,1
178092.0,1
2503905.0,1
91030085.0,1
901827.0,1
320464.0,1
513648.0,1
506351.0,1
902441.0,1
91025990.0,1
146835.0,1
506715.0,1
903057.0,1
354706.0,1
163076.0,1
386461.0,1
91025255.0,1
516250.0,1
159491.0,1
91030752.0,1
178991.0,1
152500.0,1
291207.0,1
414745.0,1
459198.0,1
464557.0,1
143426.0,1
415501.0,1
24121140.0,1
165512.0,1
24122248.0,1
323709.0,1
187967.0,1
91025216.0,1
91014371.0,1
187431.0,1
603728.0,1
531184.0,1
91026652.0,1
137613.0,1
91013361.0,1
158695.0,1
354362.0,1
157770.0,1
91016209.0,1
167957.0,1
322143.0,1
508738.0,1
24119905.0,1
320675.0,1
24121499.0,1
440756.0,1
91016323.0,1
150915.0,1
183980.0,1
389971.0,1
471697.0,1
183672.0,1
150356.0,1
369092.0,1
323645.0,1
324264.0,1
2525333.0,1
386178.0,1
363695.0,1
159789.0,1
292022.0,1
353863.0,1
366948.0,1
173654.0,1
91033841.0,1
508932.0,1
165496.0,1
513504.0,1
181215.0,1
601790.0,1
91034997.0,1
145875.0,1
175276.0,1
473661.0,1
507583.0,1
382743.0,1
414594.0,1
388511.0,1
505172.0,1
24120950.0,1
322015.0,1
512103.0,1
818637.0,1
352639.0,1
165631.0,1
464218.0,1
142942.0,1
366471.0,1
160294.0,1
24122031.0,1
414080.0,1
460641.0,1
174461.0,1
323228.0,1
91026353.0,1
506271.0,1
361587.0,1
156338.0,1
24123448.0,1
369467.0,1
139866.0,1
91034518.0,1
162579.0,1
180526.0,1
155001.0,1
529345.0,1
165038.0,1
512875.0,1
900212.0,1
154493.0,1
205626.0,1
188088.0,1
24124265.0,1
24119996.0,1
204033.0,1
369858.0,1
173120.0,1
91024376.0,1
523804.0,1
903760.0,1
471529.0,1
91026716.0,1
91029409.0,1
366780.0,1
519094.0,1
185742.0,1
903705.0,1
524913.0,1
414425.0,1
523944.0,1
178263.0,1
146364.0,1
146867.0,1
381217.0,1
413641.0,1
386239.0,1
151913.0,1
603323.0,1
91014457.0,1
139749.0,1
411676.0,1
442613.0,1
178080.0,1
451605.0,1
91011972.0,1
509162.0,1
358782.0,1
471791.0,1
91018860.0,1
184080.0,1
144427.0,1
178036.0,1
297594.0,1
384948.0,1
367434.0,1
91019941.0,1
91015857.0,1
172459.0,1
142667.0,1
24122995.0,1
512513.0,1
189687.0,1
150449.0,1
462829.0,1
530546.0,1
156587.0,1
184343.0,1
91024449.0,1
511936.0,1
803313.0,1
511482.0,1
154721.0,1
168013.0,1
91022980.0,1
350972.0,1
511106.0,1
180304.0,1
154580.0,1
91023392.0,1
299711.0,1
143778.0,1
320053.0,1
91035037.0,1
472788.0,1
412468.0,1
607327.0,1
448760.0,1
181496.0,1
601845.0,1
91010190.0,1
24123119.0,1
353608.0,1
154345.0,1
363163.0,1
91013969.0,1
187652.0,1
139340.0,1
355471.0,1
457102.0,1
91063374.0,1
383186.0,1
444013.0,1
389354.0,1
385532.0,1
512977.0,1
91030654.0,1
189557.0,1
524940.0,1
321681.0,1
141703.0,1
484729.0,1
204108.0,1
368957.0,1
157729.0,1
200068.0,1
502670.0,1
603854.0,1
188172.0,1
460338.0,1
412439.0,1
152263.0,1
170994.0,1
450264.0,1
168105.0,1
509103.0,1
442360.0,1
179863.0,1
140861.0,1
155237.0,1
529037.0,1
160617.0,1
509325.0,1
174759.0,1
521122.0,1
175310.0,1
442259.0,1
91013384.0,1
152199.0,1
157925.0,1
211967.0,1
91013968.0,1
24122592.0,1
91017917.0,1
169092.0,1
183971.0,1
168216.0,1
186912.0,1
361659.0,1
181231.0,1
91016782.0,1
24120030.0,1
189790.0,1
602880.0,1
91021673.0,1
91025452.0,1
209702.0,1
472441.0,1
24124230.0,1
141860.0,1
180506.0,1
91025708.0,1
91017397.0,1
178566.0,1
159619.0,1
138682.0,1
519943.0,1
163163.0,1
91017895.0,1
91025985.0,1
152845.0,1
412071.0,1
160660.0,1
201580.0,1
460920.0,1
151041.0,1
24124229.0,1
91012654.0,1
505875.0,1
363571.0,1
159613.0,1
164582.0,1
155073.0,1
322868.0,1
458308.0,1
183182.0,1
168218.0,1
91064529.0,1
179362.0,1
189228.0,1
154196.0,1
91014447.0,1
148804.0,1
91034748.0,1
24120966.0,1
151700.0,1
139756.0,1
183176.0,1
512697.0,1
294696.0,1
150445.0,1
367080.0,1
354757.0,1
472162.0,1
178503.0,1
502986.0,1
205860.0,1
355334.0,1
185764.0,1
24122084.0,1
159721.0,1
178755.0,1
178308.0,1
180022.0,1
200730.0,1
292968.0,1
179529.0,1
181120.0,1
176877.0,1
368747.0,1
323590.0,1
200089.0,1
140576.0,1
167499.0,1
530018.0,1
154177.0,1
160828.0,1
182683.0,1
91020221.0,1
604844.0,1
362882.0,1
188078.0,1
386890.0,1
169035.0,1
142964.0,1
184674.0,1
507115.0,1
188202.0,1
184120.0,1
505931.0,1
153757.0,1
91020459.0,1
180805.0,1
180254.0,1
386787.0,1
138374.0,1
180309.0,1
504189.0,1
505308.0,1
144907.0,1
298164.0,1
200997.0,1
472444.0,1
159081.0,1
445701.0,1
91027005.0,1
353197.0,1
91025714.0,1
91030144.0,1
91011383.0,1
24121458.0,1
159155.0,1
165004.0,1
802067.0,1
91018444.0,1
306098.0,1
293328.0,1
356455.0,1
24121011.0,1
183568.0,1
180369.0,1
448177.0,1
381789.0,1
526356.0,1
390492.0,1
602131.0,1
515863.0,1
138538.0,1
181542.0,1
24120126.0,1
160218.0,1
506985.0,1
24122045.0,1
381183.0,1
91021555.0,1
91034750.0,1
184547.0,1
160332.0,1
170394.0,1
147347.0,1
163016.0,1
165497.0,1
516440.0,1
169962.0,1
523196.0,1
91034038.0,1
323144.0,1
91029061.0,1
91060664.0,1
91017350.0,1
148141.0,1
410962.0,1
301085.0,1
182748.0,1
366179.0,1
357060.0,1
152200.0,1
186037.0,1
91012972.0,1
518565.0,1
140369.0,1
528700.0,1
357123.0,1
414304.0,1
152794.0,1
189293.0,1
24120831.0,1
91023313.0,1
167347.0,1
472471.0,1
169090.0,1
206388.0,1
295241.0,1
294144.0,1
521032.0,1
506802.0,1
155238.0,1
504166.0,1
418949.0,1
24120478.0,1
389531.0,1
803900.0,1
522172.0,1
143946.0,1
368988.0,1
180009.0,1
385758.0,1
24121448.0,1
172604.0,1
602956.0,1
189761.0,1
456768.0,1
168986.0,1
411431.0,1
510324.0,1
157866.0,1
521180.0,1
148139.0,1
145627.0,1
169295.0,1
164108.0,1
462835.0,1
91030986.0,1
91011012.0,1
143082.0,1
91014477.0,1
141236.0,1
182933.0,1
411901.0,1
91030586.0,1
186034.0,1
512924.0,1
184482.0,1
91032165.0,1
531289.0,1
453366.0,1
440229.0,1
24121175.0,1
24123374.0,1
169108.0,1
155210.0,1
325579.0,1
203326.0,1
386713.0,1
530175.0,1
181376.0,1
24120088.0,1
172507.0,1
189247.0,1
91020187.0,1
156539.0,1
147393.0,1
137047.0,1
364388.0,1
91030485.0,1
383972.0,1
530804.0,1
295331.0,1
153706.0,1
24122347.0,1
151766.0,1
139755.0,1
600222.0,1
24121169.0,1
174377.0,1
203530.0,1
91014831.0,1
174342.0,1
473648.0,1
24119970.0,1
140507.0,1
205911.0,1
452125.0,1
24121832.0,1
188467.0,1
24121711.0,1
173610.0,1
605743.0,1
442525.0,1
143855.0,1
207057.0,1
160206.0,1
389651.0,1
604275.0,1
24122896.0,1
183140.0,1
162363.0,1
201376.0,1
153649.0,1
524270.0,1
514036.0,1
365015.0,1
91032844.0,1
24123134.0,1
91030183.0,1
148583.0,1
523872.0,1
359418.0,1
511777.0,1
451165.0,1
524099.0,1
385337.0,1
91018383.0,1
184598.0,1
24122713.0,1
152088.0,1
370190.0,1
472064.0,1
524823.0,1
179556.0,1
186796.0,1
178969.0,1
178487.0,1
163472.0,1
365286.0,1
441894.0,1
139932.0,1
522155.0,1
606779.0,1
165060.0,1
184536.0,1
901990.0,1
91033296.0,1
443059.0,1
24123563.0,1
91012759.0,1
517850.0,1
461016.0,1
381922.0,1
24122217.0,1
357960.0,1
178489.0,1
365747.0,1
181295.0,1
91022715.0,1
389370.0,1
325133.0,1
800437.0,1
147559.0,1
178636.0,1
323919.0,1
148769.0,1
170534.0,1
146499.0,1
206313.0,1
410898.0,1
180376.0,1
512544.0,1
471662.0,1
521373.0,1
148791.0,1
91029971.0,1
24119911.0,1
901171.0,1
525082.0,1
510292.0,1
91062873.0,1
143183.0,1
174003.0,1
362436.0,1
91022562.0,1
816342.0,1
24121305.0,1
601529.0,1
168981.0,1
24120965.0,1
381258.0,1
153563.0,1
450270.0,1
456702.0,1
206559.0,1
525190.0,1
172286.0,1
91063626.0,1
183941.0,1
181684.0,1
413424.0,1
91063680.0,1
325355.0,1
174028.0,1
604415.0,1
524740.0,1
363283.0,1
166832.0,1
178239.0,1
173275.0,1
91014218.0,1
410412.0,1
214361.0,1
91012940.0,1
147872.0,1
357492.0,1
366574.0,1
202138.0,1
324219.0,1
174575.0,1
368436.0,1
147672.0,1
170967.0,1
606276.0,1
91029079.0,1
521021.0,1
505630.0,1
362914.0,1
168147.0,1
161000.0,1
171537.0,1
414074.0,1
91013791.0,1
515652.0,1
380092.0,1
91020444.0,1
146124.0,1
901660.0,1
149582.0,1
24123027.0,1
185194.0,1
461727.0,1
503362.0,1
91032959.0,1
163930.0,1
384922.0,1
24122028.0,1
903223.0,1
91030466.0,1
902354.0,1
169808.0,1
512466.0,1
507632.0,1
351405.0,1
524991.0,1
500158.0,1
91018795.0,1
136433.0,1
388454.0,1
143499.0,1
321966.0,1
189797.0,1
158819.0,1
384772.0,1
450556.0,1
422071.0,1
91024476.0,1
162272.0,1
513266.0,1
188877.0,1
203610.0,1
525547.0,1
525363.0,1
522039.0,1
354613.0,1
178346.0,1
369210.0,1
170962.0,1
382354.0,1
302570.0,1
155226.0,1
356736.0,1
91014487.0,1
603106.0,1
516040.0,1
446530.0,1
508752.0,1
354691.0,1
169089.0,1
510689.0,1
183240.0,1
154985.0,1
161528.0,1
184905.0,1
526642.0,1
382730.0,1
156011.0,1
137885.0,1
189554.0,1
174811.0,1
355415.0,1
166126.0,1
24122824.0,1
24122264.0,1
182911.0,1
509178.0,1
91025870.0,1
200689.0,1
91063998.0,1
508456.0,1
178759.0,1
388444.0,1
185158.0,1
24119600.0,1
181269.0,1
147438.0,1
188600.0,1
382808.0,1
91030721.0,1
91011802.0,1
153173.0,1
502372.0,1
24123088.0,1
362052.0,1
187819.0,1
148331.0,1
144303.0,1
173974.0,1
155044.0,1
516025.0,1
159974.0,1
506755.0,1
515923.0,1
414941.0,1
153381.0,1
157609.0,1
184708.0,1
143523.0,1
91013424.0,1
520651.0,1
154433.0,1
185333.0,1
178674.0,1
153613.0,1
138327.0,1
173564.0,1
381975.0,1
505717.0,1
415482.0,1
181275.0,1
188429.0,1
91028633.0,1
166454.0,1
172542.0,1
389384.0,1
152621.0,1
184583.0,1
369148.0,1
178961.0,1
24122747.0,1
365902.0,1
441227.0,1
178214.0,1
137578.0,1
525195.0,1
91026363.0,1
91064112.0,1
514136.0,1
524875.0,1
186887.0,1
91012663.0,1
529074.0,1
178050.0,1
149223.0,1
201759.0,1
162676.0,1
211557.0,1
145997.0,1
384450.0,1
411428.0,1
173454.0,1
24123733.0,1
512755.0,1
24120488.0,1
91025505.0,1
91020461.0,1
174420.0,1
178536.0,1
163165.0,1
158762.0,1
383177.0,1
382672.0,1
352477.0,1
303209.0,1
159783.0,1
386331.0,1
91015713.0,1
91026895.0,1
509895.0,1
387046.0,1
174425.0,1
183584.0,1
383371.0,1
179143.0,1
412080.0,1
388269.0,1
188220.0,1
602024.0,1
91021033.0,1
152218.0,1
91013998.0,1
146763.0,1
176346.0,1
151137.0,1
161574.0,1
177357.0,1
421202.0,1
177223.0,1
210647.0,1
155051.0,1
352415.0,1
173236.0,1
352744.0,1
442321.0,1
91012511.0,1
295083.0,1
415491.0,1
185400.0,1
24123427.0,1
382735.0,1
383315.0,1
512007.0,1
91014129.0,1
510970.0,1
91015838.0,1
157867.0,1
162619.0,1
169247.0,1
422643.0,1
189015.0,1
91064527.0,1
200139.0,1
358998.0,1
167133.0,1
368442.0,1
91026286.0,1
91012416.0,1
325764.0,1
91030322.0,1
162982.0,1
24123113.0,1
145952.0,1
24124298.0,1
509883.0,1
169355.0,1
24120092.0,1
91024284.0,1
414478.0,1
512284.0,1
143244.0,1
91014535.0,1
91024921.0,1
606318.0,1
183272.0,1
156001.0,1
213002.0,1
455156.0,1
185020.0,1
138019.0,1
357630.0,1
530169.0,1
24124248.0,1
175794.0,1
182613.0,1
325227.0,1
362316.0,1
157643.0,1
358428.0,1
157977.0,1
471790.0,1
91010251.0,1
91013441.0,1
171202.0,1
205188.0,1
410287.0,1
356497.0,1
448322.0,1
302927.0,1
24124442.0,1
206823.0,1
91030189.0,1
91013462.0,1
179177.0,1
91022749.0,1
91010230.0,1
140579.0,1
600648.0,1
138722.0,1
155105.0,1
525754.0,1
362574.0,1
507080.0,1
441410.0,1
182510.0,1
91029210.0,1
174075.0,1
416019.0,1
186430.0,1
140905.0,1
203192.0,1
91013958.0,1
147460.0,1
202644.0,1
148230.0,1
204510.0,1
296168.0,1
210614.0,1
603907.0,1
323282.0,1
503799.0,1
169893.0,1
297566.0,1
148735.0,1
159468.0,1
161770.0,1
800137.0,1
410809.0,1
164399.0,1
187398.0,1
456310.0,1
503524.0,1
368471.0,1
188197.0,1
24119629.0,1
803470.0,1
150140.0,1
370331.0,1
512015.0,1
292124.0,1
163729.0,1
91026295.0,1
178418.0,1
423478.0,1
320473.0,1
91030593.0,1
150916.0,1
155589.0,1
91020188.0,1
146664.0,1
181921.0,1
353782.0,1
171602.0,1
165308.0,1
472371.0,1
91029289.0,1
178835.0,1
159717.0,1
321177.0,1
91018937.0,1
179342.0,1
91020255.0,1
358377.0,1
189081.0,1
800352.0,1
188740.0,1
453887.0,1
414210.0,1
183534.0,1
153508.0,1
183566.0,1
419737.0,1
148270.0,1
148243.0,1
600526.0,1
510790.0,1
151392.0,1
148544.0,1
182607.0,1
386060.0,1
369237.0,1
143270.0,1
189883.0,1
174786.0,1
174710.0,1
154644.0,1
5121002.0,1
174467.0,1
149651.0,1
158318.0,1
91034621.0,1
515911.0,1
322409.0,1
150997.0,1
511298.0,1
303749.0,1
91021160.0,1
179647.0,1
414367.0,1
147778.0,1
512164.0,1
421053.0,1
181286.0,1
353431.0,1
526791.0,1
155639.0,1
165632.0,1
154181.0,1
508343.0,1
200498.0,1
158905.0,1
175668.0,1
457838.0,1
169332.0,1
368867.0,1
180873.0,1
417774.0,1
383010.0,1
91014491.0,1
390190.0,1
368900.0,1
451596.0,1
168163.0,1
159806.0,1
24122900.0,1
155918.0,1
388090.0,1
151846.0,1
176556.0,1
140235.0,1
161220.0,1
158256.0,1
155028.0,1
325769.0,1
91019484.0,1
160920.0,1
294290.0,1
149690.0,1
157764.0,1
166590.0,1
225951.0,1
324168.0,1
367407.0,1
185136.0,1
506156.0,1
511809.0,1
91029612.0,1
157807.0,1
390006.0,1
91018267.0,1
421464.0,1
91029009.0,1
178411.0,1
2502916.0,1
186672.0,1
297747.0,1
150602.0,1
167372.0,1
355397.0,1
91034559.0,1
297275.0,1
154246.0,1
146984.0,1
528792.0,1
903428.0,1
91022487.0,1
154654.0,1
91013566.0,1
91023372.0,1
167701.0,1
146607.0,1
154977.0,1
186739.0,1
91012242.0,1
91011895.0,1
189148.0,1
413046.0,1
510238.0,1
364603.0,1
188023.0,1
187989.0,1
148709.0,1
24123716.0,1
380526.0,1
294616.0,1
186205.0,1
503686.0,1
513149.0,1
91018388.0,1
171104.0,1
386396.0,1
155856.0,1
412174.0,1
179222.0,1
386730.0,1
144502.0,1
205524.0,1
440494.0,1
91013461.0,1
24119708.0,1
182791.0,1
523436.0,1
320470.0,1
472408.0,1
452772.0,1
528246.0,1
413025.0,1
185994.0,1
147517.0,1
175059.0,1
137853.0,1
359889.0,1
206268.0,1
91025298.0,1
183162.0,1
365964.0,1
91029086.0,1
91013390.0,1
352951.0,1
323042.0,1
502901.0,1
172223.0,1
158341.0,1
322379.0,1
508996.0,1
184067.0,1
200185.0,1
24120550.0,1
24122554.0,1
141872.0,1
412870.0,1
177614.0,1
206934.0,1
362421.0,1
152056.0,1
531082.0,1
91011973.0,1
383999.0,1
159574.0,1
478417.0,1
24123016.0,1
290478.0,1
91022486.0,1
600274.0,1
471271.0,1
516207.0,1
320359.0,1
172549.0,1
159735.0,1
164291.0,1
472498.0,1
170973.0,1
150522.0,1
91018135.0,1
178944.0,1
164621.0,1
159734.0,1
440349.0,1
527404.0,1
24121385.0,1
181675.0,1
24119606.0,1
178940.0,1
385921.0,1
142566.0,1
154640.0,1
518974.0,1
91063542.0,1
414633.0,1
188417.0,1
321260.0,1
353677.0,1
177781.0,1
352370.0,1
505556.0,1
350272.0,1
389308.0,1
150111.0,1
91023276.0,1
91011403.0,1
516682.0,1
471735.0,1
187924.0,1
188882.0,1
185967.0,1
701275.0,1
441000.0,1
158362.0,1
91010416.0,1
471973.0,1
164214.0,1
24122346.0,1
448042.0,1
183588.0,1
323138.0,1
143155.0,1
902511.0,1
91017339.0,1
202982.0,1
508105.0,1
369709.0,1
172888.0,1
179586.0,1
386925.0,1
364585.0,1
91027094.0,1
148725.0,1
443442.0,1
505650.0,1
472057.0,1
24123442.0,1
91018233.0,1
182162.0,1
146276.0,1
91013320.0,1
153317.0,1
186889.0,1
183206.0,1
386384.0,1
147355.0,1
325107.0,1
352037.0,1
91013873.0,1
524262.0,1
186616.0,1
24122436.0,1
411248.0,1
169460.0,1
176872.0,1
456537.0,1
512707.0,1
320680.0,1
91010106.0,1
91014360.0,1
91023382.0,1
303062.0,1
91023125.0,1
184727.0,1
146719.0,1
157911.0,1
454271.0,1
91031273.0,1
464530.0,1
91017006.0,1
182968.0,1
186175.0,1
207081.0,1
158079.0,1
320835.0,1
91019398.0,1
148256.0,1
91032883.0,1
298236.0,1
24123033.0,1
143402.0,1
140939.0,1
152599.0,1
293874.0,1
91031622.0,1
189116.0,1
385328.0,1
323616.0,1
91022063.0,1
185999.0,1
187995.0,1
471490.0,1
517910.0,1
91026330.0,1
358818.0,1
512122.0,1
154421.0,1
91017614.0,1
298849.0,1
367377.0,1
902320.0,1
186533.0,1
352747.0,1
185407.0,1
91013074.0,1
181659.0,1
320771.0,1
506526.0,1
91034448.0,1
172717.0,1
187341.0,1
480907.0,1
172063.0,1
523460.0,1
504777.0,1
179133.0,1
147789.0,1
175292.0,1
186764.0,1
414164.0,1
352004.0,1
91027286.0,1
170964.0,1
383104.0,1
187462.0,1
138181.0,1
160124.0,1
290778.0,1
158213.0,1
214127.0,1
358869.0,1
159854.0,1
413522.0,1
410909.0,1
423768.0,1
24123181.0,1
351472.0,1
181834.0,1
162074.0,1
185966.0,1
151492.0,1
158132.0,1
171521.0,1
442879.0,1
369020.0,1
179140.0,1
168572.0,1
91014587.0,1
169265.0,1
189078.0,1
385737.0,1
178325.0,1
324527.0,1
606246.0,1
166770.0,1
170372.0,1
146990.0,1
176640.0,1
388255.0,1
181368.0,1
388682.0,1
91030205.0,1
293655.0,1
159175.0,1
299289.0,1
91063682.0,1
297432.0,1
382455.0,1
162753.0,1
24121820.0,1
411647.0,1
364880.0,1
292342.0,1
91028615.0,1
91013109.0,1
410794.0,1
384881.0,1
182599.0,1
387653.0,1
601832.0,1
362636.0,1
361872.0,1
143752.0,1
91010425.0,1
137476.0,1
158126.0,1
444654.0,1
139827.0,1
172949.0,1
479875.0,1
158654.0,1
508725.0,1
91024719.0,1
212651.0,1
365908.0,1
355069.0,1
188793.0,1
369401.0,1
388493.0,1
145047.0,1
604282.0,1
366361.0,1
162956.0,1
387647.0,1
384983.0,1
158470.0,1
363780.0,1
179196.0,1
175702.0,1
142793.0,1
413496.0,1
903897.0,1
367981.0,1
148196.0,1
144020.0,1
182960.0,1
91024380.0,1
161055.0,1
211584.0,1
148001.0,1
448212.0,1
91015388.0,1
200358.0,1
185863.0,1
91010761.0,1
143637.0,1
183159.0,1
506748.0,1
173730.0,1
91024051.0,1
139186.0,1
178849.0,1
382699.0,1
141319.0,1
91024602.0,1
604834.0,1
521388.0,1
189471.0,1
91012574.0,1
295833.0,1
162674.0,1
91026823.0,1
160101.0,1
151315.0,1
140034.0,1
178459.0,1
350418.0,1
91027279.0,1
410947.0,1
91030446.0,1
91027465.0,1
903967.0,1
203407.0,1
158006.0,1
180447.0,1
148947.0,1
516731.0,1
355537.0,1
163731.0,1
176735.0,1
160082.0,1
91022670.0,1
350882.0,1
171818.0,1
152482.0,1
522465.0,1
158265.0,1
441449.0,1
91028867.0,1
512155.0,1
212321.0,1
158998.0,1
534130.0,1
414536.0,1
146042.0,1
188862.0,1
810686.0,1
157702.0,1
143764.0,1
163010.0,1
91013097.0,1
189692.0,1
370232.0,1
184293.0,1
150562.0,1
173920.0,1
149350.0,1
381241.0,1
91015354.0,1
472595.0,1
24122009.0,1
174088.0,1
452461.0,1
292706.0,1
511123.0,1
166078.0,1
91026280.0,1
91018239.0,1
360346.0,1
440181.0,1
91026270.0,1
184891.0,1
458967.0,1
172141.0,1
91030790.0,1
149627.0,1
802704.0,1
150442.0,1
448316.0,1
188832.0,1
442115.0,1
521470.0,1
814649.0,1
148788.0,1
170191.0,1
605554.0,1
900145.0,1
514386.0,1
141892.0,1
508547.0,1
161347.0,1
517552.0,1
508905.0,1
91024139.0,1
178299.0,1
509698.0,1
184974.0,1
91010008.0,1
168925.0,1
441753.0,1
367935.0,1
365828.0,1
365604.0,1
176151.0,1
91063030.0,1
513893.0,1
517564.0,1
530136.0,1
182524.0,1
91017831.0,1
24124340.0,1
172707.0,1
412839.0,1
155937.0,1
91021183.0,1
521694.0,1
381827.0,1
175703.0,1
91033153.0,1
91026355.0,1
321432.0,1
91062610.0,1
366286.0,1
522441.0,1
24121405.0,1
91022761.0,1
145939.0,1
189828.0,1
188165.0,1
169828.0,1
363089.0,1
355283.0,1
355063.0,1
151564.0,1
446603.0,1
354031.0,1
411032.0,1
299729.0,1
363748.0,1
180589.0,1
159964.0,1
384561.0,1
163763.0,1
505855.0,1
91013072.0,1
455030.0,1
320554.0,1
159163.0,1
153926.0,1
188175.0,1
384574.0,1
352711.0,1
146229.0,1
385604.0,1
176162.0,1
352510.0,1
387770.0,1
359094.0,1
136706.0,1
387957.0,1
812726.0,1
179688.0,1
91013364.0,1
417164.0,1
523806.0,1
24123408.0,1
512553.0,1
508687.0,1
471525.0,1
188174.0,1
357543.0,1
362397.0,1
188816.0,1
354548.0,1
137192.0,1
160439.0,1
503907.0,1
146903.0,1
291987.0,1
174160.0,1
206022.0,1
365920.0,1
416759.0,1
182663.0,1
91019387.0,1
361662.0,1
91022064.0,1
91027104.0,1
137234.0,1
416155.0,1
380594.0,1
24121500.0,1
164240.0,1
91016076.0,1
152892.0,1
153598.0,1
148541.0,1
324957.0,1
355259.0,1
182894.0,1
354742.0,1
163727.0,1
185907.0,1
169068.0,1
189629.0,1
173596.0,1
183473.0,1
442198.0,1
903932.0,1
502898.0,1
457251.0,1
149815.0,1
186537.0,1
155403.0,1
183783.0,1
91027230.0,1
526637.0,1
175558.0,1
179866.0,1
91028274.0,1
91016810.0,1
24121303.0,1
200241.0,1
603625.0,1
514364.0,1
91031449.0,1
180454.0,1
91010681.0,1
91030742.0,1
380926.0,1
154593.0,1
421515.0,1
91026858.0,1
91016077.0,1
901136.0,1
159186.0,1
189666.0,1
322733.0,1
518075.0,1
525735.0,1
510918.0,1
159224.0,1
183800.0,1
525326.0,1
24123076.0,1
200953.0,1
511643.0,1
383697.0,1
902678.0,1
170963.0,1
147360.0,1
144113.0,1
170918.0,1
211395.0,1
442234.0,1
150080.0,1
174918.0,1
447005.0,1
527881.0,1
146693.0,1
184263.0,1
603603.0,1
360319.0,1
91019195.0,1
140605.0,1
147466.0,1
150451.0,1
171109.0,1
473556.0,1
172333.0,1
91030442.0,1
24122245.0,1
509252.0,1
165996.0,1
148933.0,1
145941.0,1
806856.0,1
91010699.0,1
202211.0,1
385062.0,1
511895.0,1
24121786.0,1
165360.0,1
91029322.0,1
357858.0,1
163506.0,1
91030859.0,1
183344.0,1
157238.0,1
182492.0,1
147471.0,1
91019825.0,1
91018775.0,1
159511.0,1
323439.0,1
91015362.0,1
292073.0,1
185962.0,1
516060.0,1
24119602.0,1
160364.0,1
151785.0,1
187671.0,1
169528.0,1
169648.0,1
161135.0,1
160298.0,1
201163.0,1
91015610.0,1
812518.0,1
142641.0,1
154600.0,1
149341.0,1
91027467.0,1
91023103.0,1
91016988.0,1
91024861.0,1
147574.0,1
514722.0,1
296081.0,1
480320.0,1
147462.0,1
201577.0,1
158663.0,1
91011085.0,1
91027233.0,1
189237.0,1
514021.0,1
91023633.0,1
164446.0,1
359253.0,1
151782.0,1
322174.0,1
356655.0,1
158340.0,1
91013411.0,1
471922.0,1
509444.0,1
140904.0,1
368610.0,1
440132.0,1
150077.0,1
295409.0,1
146708.0,1
159729.0,1
361377.0,1
189244.0,1
384509.0,1
183110.0,1
506199.0,1
91030361.0,1
158260.0,1
91031256.0,1
150704.0,1
531181.0,1
165368.0,1
602525.0,1
511092.0,1
512503.0,1
370442.0,1
91011759.0,1
143101.0,1
443074.0,1
464203.0,1
452440.0,1
510235.0,1
159256.0,1
411213.0,1
148391.0,1
178301.0,1
152234.0,1
167095.0,1
363417.0,1
323261.0,1
163124.0,1
183372.0,1
209068.0,1
153137.0,1
147414.0,1
200674.0,1
202859.0,1
144111.0,1
153578.0,1
201727.0,1
364913.0,1
485474.0,1
167473.0,1
91011308.0,1
363959.0,1
147991.0,1
358557.0,1
24120212.0,1
152678.0,1
176332.0,1
515138.0,1
146029.0,1
155878.0,1
419614.0,1
148371.0,1
381362.0,1
511295.0,1
519844.0,1
601163.0,1
180482.0,1
91014097.0,1
166251.0,1
900635.0,1
357102.0,1
91029195.0,1
352957.0,1
201130.0,1
358536.0,1
155104.0,1
183818.0,1
172820.0,1
452751.0,1
380354.0,1
411376.0,1
24124377.0,1
472374.0,1
183618.0,1
91013254.0,1
355799.0,1
163250.0,1
359722.0,1
91024034.0,1
444865.0,1
606024.0,1
505739.0,1
91013245.0,1
360538.0,1
152709.0,1
153480.0,1
179007.0,1
162867.0,1
321356.0,1
157443.0,1
186415.0,1
479517.0,1
177900.0,1
187216.0,1
91033840.0,1
602948.0,1
91011824.0,1
160493.0,1
512220.0,1
382950.0,1
138381.0,1
91022933.0,1
174669.0,1
295232.0,1
203575.0,1
446985.0,1
165419.0,1
143804.0,1
364042.0,1
522728.0,1
527859.0,1
91026389.0,1
147230.0,1
182118.0,1
139299.0,1
91033226.0,1
174992.0,1
810018.0,1
161153.0,1
208056.0,1
91033847.0,1
383902.0,1
151391.0,1
91011399.0,1
168471.0,1
515998.0,1
503847.0,1
503770.0,1
91013876.0,1
390366.0,1
138086.0,1
91021091.0,1
413075.0,1
168843.0,1
383206.0,1
387688.0,1
514501.0,1
322919.0,1
529147.0,1
146057.0,1
155103.0,1
179967.0,1
356697.0,1
91017817.0,1
160143.0,1
151365.0,1
522184.0,1
421479.0,1
188161.0,1
152198.0,1
91019817.0,1
202477.0,1
179056.0,1
383427.0,1
180115.0,1
385827.0,1
390026.0,1
600896.0,1
352359.0,1
188921.0,1
181290.0,1
202572.0,1
160210.0,1
91019821.0,1
154923.0,1
24121960.0,1
91011088.0,1
172823.0,1
603723.0,1
366322.0,1
202036.0,1
352252.0,1
148765.0,1
516068.0,1
146676.0,1
321530.0,1
171916.0,1
24120457.0,1
174179.0,1
163300.0,1
818818.0,1
176972.0,1
382613.0,1
138870.0,1
517708.0,1
147215.0,1
508262.0,1
24123097.0,1
507260.0,1
523250.0,1
602915.0,1
508522.0,1
361228.0,1
164281.0,1
171050.0,1
24123140.0,1
206547.0,1
186614.0,1
159922.0,1
208503.0,1
163006.0,1
186938.0,1
150198.0,1
24123590.0,1
140682.0,1
368387.0,1
167320.0,1
188687.0,1
165708.0,1
353101.0,1
388391.0,1
158124.0,1
413028.0,1
357594.0,1
152214.0,1
361464.0,1
513464.0,1
180148.0,1
380624.0,1
174251.0,1
150654.0,1
445462.0,1
159286.0,1
384751.0,1
91017036.0,1
171413.0,1
172142.0,1
91011110.0,1
144636.0,1
902693.0,1
456585.0,1
91026766.0,1
382602.0,1
525169.0,1
322946.0,1
321949.0,1
91011186.0,1
290826.0,1
387545.0,1
203763.0,1
167311.0,1
183022.0,1
91023727.0,1
528687.0,1
531429.0,1
367185.0,1
177539.0,1
210014.0,1
168222.0,1
205815.0,1
138322.0,1
137628.0,1
511217.0,1
24121464.0,1
188567.0,1
156448.0,1
159268.0,1
452674.0,1
91011263.0,1
91010405.0,1
515878.0,1
172821.0,1
153442.0,1
386514.0,1
182962.0,1
181054.0,1
147798.0,1
160548.0,1
524118.0,1
513673.0,1
91030208.0,1
382660.0,1
525958.0,1
523869.0,1
381587.0,1
151722.0,1
175218.0,1
325200.0,1
292199.0,1
153949.0,1
91023951.0,1
91029960.0,1
157062.0,1
475388.0,1
91024347.0,1
300915.0,1
188438.0,1
154587.0,1
384019.0,1
188281.0,1
91063555.0,1
200710.0,1
472790.0,1
172589.0,1
91034679.0,1
91015533.0,1
91018893.0,1
182740.0,1
321066.0,1
169755.0,1
91020769.0,1
361135.0,1
414283.0,1
511085.0,1
417765.0,1
147294.0,1
147009.0,1
388357.0,1
417917.0,1
91011618.0,1
181511.0,1
369933.0,1
503672.0,1
510860.0,1
381022.0,1
151777.0,1
172308.0,1
91010342.0,1
183152.0,1
160349.0,1
91019856.0,1
91019473.0,1
181111.0,1
358332.0,1
91011780.0,1
447631.0,1
363869.0,1
173638.0,1
166918.0,1
91019268.0,1
456451.0,1
357414.0,1
148930.0,1
513118.0,1
215171.0,1
158201.0,1
471222.0,1
91021179.0,1
24121182.0,1
353758.0,1
189841.0,1
359088.0,1
519180.0,1
188170.0,1
185989.0,1
505293.0,1
146827.0,1
152550.0,1
169132.0,1
382973.0,1
188485.0,1
353674.0,1
602918.0,1
179215.0,1
352433.0,1
506128.0,1
142918.0,1
152202.0,1
91014404.0,1
209107.0,1
91011771.0,1
359657.0,1
509871.0,1
91063559.0,1
296251.0,1
900897.0,1
91020240.0,1
323087.0,1
143158.0,1
179769.0,1
91030530.0,1
534221.0,1
158394.0,1
166219.0,1
166193.0,1
386284.0,1
154411.0,1
188094.0,1
91026833.0,1
414122.0,1
382131.0,1
200431.0,1
181246.0,1
91018065.0,1
150376.0,1
184011.0,1
452416.0,1
369787.0,1
511492.0,1
142272.0,1
155087.0,1
176624.0,1
91021511.0,1
351851.0,1
324491.0,1
201833.0,1
139415.0,1
24122822.0,1
172588.0,1
91010129.0,1
152386.0,1
177763.0,1
24121307.0,1
524581.0,1
422338.0,1
24122079.0,1
91033448.0,1
365372.0,1
155860.0,1
458176.0,1
24121543.0,1
297221.0,1
297248.0,1
513363.0,1
460413.0,1
169232.0,1
321740.0,1
91011624.0,1
91021040.0,1
147703.0,1
164717.0,1
91025339.0,1
503628.0,1
201806.0,1
181644.0,1
91027127.0,1
365777.0,1
174081.0,1
802252.0,1
147299.0,1
155586.0,1
91024497.0,1
390307.0,1
503640.0,1
172313.0,1
184333.0,1
24119846.0,1
143024.0,1
176994.0,1
320394.0,1
390301.0,1
444728.0,1
411222.0,1
91030337.0,1
183756.0,1
178585.0,1
421536.0,1
487650.0,1
91026326.0,1
176641.0,1
453719.0,1
91065504.0,1
603943.0,1
508489.0,1
420925.0,1
603637.0,1
801281.0,1
365012.0,1
158668.0,1
91017658.0,1
91025975.0,1
386092.0,1
178304.0,1
168868.0,1
91064531.0,1
174276.0,1
155186.0,1
175294.0,1
505667.0,1
173141.0,1
152742.0,1
471102.0,1
91025399.0,1
416845.0,1
144022.0,1
159035.0,1
145417.0,1
481155.0,1
24123381.0,1
186740.0,1
91015350.0,1
352498.0,1
168174.0,1
149686.0,1
148661.0,1
91018390.0,1
164462.0,1
154520.0,1
91018143.0,1
352385.0,1
448893.0,1
366480.0,1
369724.0,1
139260.0,1
91018150.0,1
413398.0,1
24119782.0,1
173481.0,1
91028632.0,1
172600.0,1
159002.0,1
292141.0,1
390290.0,1
441244.0,1
416051.0,1
177768.0,1
139703.0,1
91019785.0,1
184999.0,1
155064.0,1
503977.0,1
178842.0,1
354287.0,1
353173.0,1
819404.0,1
141862.0,1
361012.0,1
179632.0,1
186269.0,1
91013930.0,1
502543.0,1
183916.0,1
24123461.0,1
414799.0,1
163156.0,1
325559.0,1
145174.0,1
140416.0,1
322097.0,1
181474.0,1
360637.0,1
447402.0,1
173788.0,1
383147.0,1
24123553.0,1
159782.0,1
166161.0,1
511617.0,1
294505.0,1
91012700.0,1
322586.0,1
155441.0,1
904228.0,1
463855.0,1
504687.0,1
178932.0,1
525060.0,1
350924.0,1
175463.0,1
480913.0,1
171245.0,1
91019102.0,1
24121436.0,1
91024733.0,1
160831.0,1
384875.0,1
91012664.0,1
144057.0,1
91025352.0,1
188255.0,1
805214.0,1
295250.0,1
369603.0,1
91024960.0,1
175960.0,1
146596.0,1
503993.0,1
440971.0,1
368151.0,1
168032.0,1
141852.0,1
138109.0,1
523421.0,1
144260.0,1
413305.0,1
902536.0,1
601753.0,1
520147.0,1
506355.0,1
138012.0,1
91015300.0,1
164242.0,1
165036.0,1
605657.0,1
169153.0,1
182344.0,1
387694.0,1
321844.0,1
504858.0,1
145862.0,1
606051.0,1
181679.0,1
165440.0,1
143176.0,1
91033896.0,1
455153.0,1
177331.0,1
175379.0,1
369660.0,1
214049.0,1
91032185.0,1
361839.0,1
389115.0,1
24123315.0,1
169737.0,1
158742.0,1
91014415.0,1
149157.0,1
152474.0,1
24120149.0,1
600443.0,1
155043.0,1
153249.0,1
214964.0,1
363221.0,1
148877.0,1
158746.0,1
166777.0,1
184979.0,1
320350.0,1
510411.0,1
181667.0,1
351333.0,1
148379.0,1
502773.0,1
296404.0,1
91063832.0,1
158817.0,1
362376.0,1
163100.0,1
158522.0,1
140610.0,1
155565.0,1
174948.0,1
369957.0,1
24122374.0,1
160970.0,1
513131.0,1
186991.0,1
389962.0,1
179526.0,1
185762.0,1
180351.0,1
211897.0,1
411629.0,1
324578.0,1
368906.0,1
155970.0,1
360166.0,1
91021137.0,1
187278.0,1
185982.0,1
522649.0,1
165648.0,1
179430.0,1
137082.0,1
91021233.0,1
181238.0,1
384456.0,1
91018378.0,1
176211.0,1
176277.0,1
188362.0,1
387028.0,1
381058.0,1
91022757.0,1
24120641.0,1
169692.0,1
525109.0,1
159588.0,1
366304.0,1
91030934.0,1
414583.0,1
507816.0,1
91014750.0,1
24120498.0,1
209774.0,1
161329.0,1
140085.0,1
423102.0,1
300754.0,1
166596.0,1
155106.0,1
902156.0,1
91034133.0,1
178546.0,1
502635.0,1
162945.0,1
24122879.0,1
369452.0,1
390403.0,1
410399.0,1
472566.0,1
421452.0,1
189445.0,1
187135.0,1
323823.0,1
445536.0,1
368551.0,1
476909.0,1
164101.0,1
504678.0,1
91010967.0,1
161324.0,1
91013223.0,1
522711.0,1
157231.0,1
91064264.0,1
24121371.0,1
359148.0,1
91062801.0,1
209981.0,1
602080.0,1
384427.0,1
523382.0,1
91018302.0,1
472460.0,1
184494.0,1
91026052.0,1
203069.0,1
178292.0,1
506991.0,1
386990.0,1
186015.0,1
167367.0,1
169270.0,1
531552.0,1
183314.0,1
153624.0,1
143759.0,1
181543.0,1
151801.0,1
146710.0,1
145416.0,1
176148.0,1
142128.0,1
165357.0,1
601319.0,1
200837.0,1
520875.0,1
382976.0,1
601312.0,1
381153.0,1
473499.0,1
24120794.0,1
24122916.0,1
179536.0,1
170082.0,1
354664.0,1
169368.0,1
507823.0,1
91018330.0,1
453761.0,1
528237.0,1
382208.0,1
153550.0,1
413991.0,1
172828.0,1
183426.0,1
416246.0,1
174083.0,1
500015.0,1
91015532.0,1
368763.0,1
91020313.0,1
169062.0,1
360139.0,1
512516.0,1
24120115.0,1
138213.0,1
151827.0,1
157926.0,1
483174.0,1
152341.0,1
605340.0,1
534142.0,1
421431.0,1
411612.0,1
904434.0,1
150882.0,1
138324.0,1
902430.0,1
91021096.0,1
353503.0,1
154317.0,1
187739.0,1
24119824.0,1
91063382.0,1
413956.0,1
414119.0,1
383495.0,1
320089.0,1
181752.0,1
472500.0,1
91028873.0,1
24119660.0,1
91014347.0,1
800614.0,1
384419.0,1
523677.0,1
146994.0,1
509573.0,1
24121208.0,1
360190.0,1
91030218.0,1
383667.0,1
148242.0,1
352323.0,1
507955.0,1
91034545.0,1
368524.0,1
146375.0,1
91034112.0,1
91020850.0,1
168272.0,1
143980.0,1
381738.0,1
903414.0,1
91033269.0,1
188034.0,1
163023.0,1
291293.0,1
146177.0,1
807170.0,1
479578.0,1
361797.0,1
160077.0,1
91014437.0,1
171820.0,1
139775.0,1
370235.0,1
188179.0,1
380609.0,1
305366.0,1
154737.0,1
177990.0,1
362172.0,1
354019.0,1
178280.0,1
186000.0,1
413430.0,1
356605.0,1
168844.0,1
186947.0,1
518360.0,1
91021443.0,1
158915.0,1
411995.0,1
159467.0,1
145791.0,1
322580.0,1
5121003.0,1
506685.0,1
187705.0,1
91020812.0,1
155049.0,1
182816.0,1
185305.0,1
91014531.0,1
415512.0,1
417678.0,1
816651.0,1
362733.0,1
91026548.0,1
173262.0,1
462518.0,1
159872.0,1
24124520.0,1
183726.0,1
91017782.0,1
91022877.0,1
91010292.0,1
138680.0,1
146285.0,1
389706.0,1
503827.0,1
168188.0,1
513675.0,1
91020199.0,1
527889.0,1
320487.0,1
382573.0,1
385038.0,1
458260.0,1
531936.0,1
149969.0,1
184150.0,1
91026997.0,1
519100.0,1
295310.0,1
91034485.0,1
358470.0,1
24121232.0,1
445341.0,1
146021.0,1
24122734.0,1
172822.0,1
162209.0,1
356527.0,1
91019857.0,1
460698.0,1
188108.0,1
91013073.0,1
23000009.0,1
188979.0,1
389893.0,1
151679.0,1
385642.0,1
91025955.0,1
160211.0,1
149012.0,1
91021576.0,1
353593.0,1
801078.0,1
353179.0,1
504817.0,1
472005.0,1
365330.0,1
471113.0,1
188050.0,1
213569.0,1
503340.0,1
154899.0,1
91022938.0,1
139852.0,1
91014388.0,1
455996.0,1
91021013.0,1
902554.0,1
528822.0,1
479475.0,1
903311.0,1
414101.0,1
182979.0,1
365003.0,1
168758.0,1
91030541.0,1
163650.0,1
903507.0,1
366206.0,1
91033579.0,1
163939.0,1
809423.0,1
415137.0,1
91034716.0,1
174850.0,1
153681.0,1
174714.0,1
155942.0,1
155630.0,1
810043.0,1
320869.0,1
147437.0,1
187280.0,1
155171.0,1
91016812.0,1
517018.0,1
517774.0,1
166171.0,1
383013.0,1
520274.0,1
503887.0,1
514103.0,1
523290.0,1
174347.0,1
204441.0,1
91016777.0,1
91020760.0,1
514689.0,1
91011848.0,1
91018904.0,1
471983.0,1
169268.0,1
141850.0,1
24122393.0,1
320934.0,1
181758.0,1
384595.0,1
441830.0,1
146555.0,1
390001.0,1
167961.0,1
204483.0,1
532067.0,1
91029078.0,1
91034882.0,1
142871.0,1
150162.0,1
183078.0,1
151503.0,1
183511.0,1
185297.0,1
322538.0,1
202066.0,1
91034552.0,1
91024504.0,1
91012699.0,1
91033869.0,1
603691.0,1
2056153.0,1
502600.0,1
158599.0,1
91011261.0,1
323354.0,1
165220.0,1
410617.0,1
158112.0,1
174014.0,1
528340.0,1
380329.0,1
182672.0,1
91013247.0,1
296383.0,1
601263.0,1
155449.0,1
91060014.0,1
180174.0,1
458419.0,1
380293.0,1
361533.0,1
147856.0,1
473642.0,1
442894.0,1
508552.0,1
167211.0,1
363514.0,1
151704.0,1
24121176.0,1
169053.0,1
367035.0,1
601443.0,1
183066.0,1
602722.0,1
139906.0,1
364329.0,1
367861.0,1
505360.0,1
187573.0,1
179086.0,1
187069.0,1
178810.0,1
179077.0,1
182595.0,1
603240.0,1
172551.0,1
368032.0,1
513512.0,1
363709.0,1
188825.0,1
91033846.0,1
163332.0,1
362319.0,1
167399.0,1
188819.0,1
147315.0,1
420757.0,1
24121331.0,1
91012992.0,1
204963.0,1
186850.0,1
159617.0,1
91015935.0,1
200337.0,1
465644.0,1
459819.0,1
213980.0,1
411515.0,1
166803.0,1
605718.0,1
381376.0,1
189229.0,1
183760.0,1
422823.0,1
176314.0,1
91028887.0,1
525103.0,1
813769.0,1
454802.0,1
369654.0,1
148175.0,1
24120627.0,1
297662.0,1
91024491.0,1
382705.0,1
146491.0,1
167827.0,1
151808.0,1
91033816.0,1
158393.0,1
91010780.0,1
511975.0,1
187558.0,1
91026278.0,1
292153.0,1
91012952.0,1
385924.0,1
24120839.0,1
820344.0,1
358857.0,1
298056.0,1
162024.0,1
526106.0,1
91011522.0,1
182505.0,1
152704.0,1
91014646.0,1
159325.0,1
174259.0,1
412884.0,1
165802.0,1
184833.0,1
176196.0,1
441479.0,1
183501.0,1
388573.0,1
188251.0,1
155421.0,1
507542.0,1
414642.0,1
801916.0,1
91012177.0,1
187424.0,1
365360.0,1
301841.0,1
187713.0,1
163652.0,1
292412.0,1
203446.0,1
363035.0,1
91013886.0,1
141350.0,1
151361.0,1
91019176.0,1
91023316.0,1
156935.0,1
902617.0,1
369855.0,1
91030174.0,1
528674.0,1
516023.0,1
482305.0,1
503793.0,1
91026813.0,1
380335.0,1
170334.0,1
460344.0,1
356154.0,1
157696.0,1
185232.0,1
24123304.0,1
91020172.0,1
601980.0,1
24121366.0,1
176376.0,1
153251.0,1
471693.0,1
91012974.0,1
386541.0,1
91013696.0,1
91027294.0,1
91022584.0,1
508423.0,1
525866.0,1
185680.0,1
447032.0,1
156535.0,1
142903.0,1
171179.0,1
187651.0,1
518483.0,1
184227.0,1
140799.0,1
804328.0,1
384433.0,1
160664.0,1
529753.0,1
206679.0,1
448277.0,1
304586.0,1
163391.0,1
411538.0,1
167299.0,1
382452.0,1
518307.0,1
443983.0,1
174381.0,1
362031.0,1
512054.0,1
91030710.0,1
412934.0,1
214985.0,1
91014375.0,1
187850.0,1
146680.0,1
180329.0,1
143985.0,1
214187.0,1
152825.0,1
166598.0,1
387143.0,1
183165.0,1
185254.0,1
168778.0,1
502791.0,1
155611.0,1
508734.0,1
91016615.0,1
480869.0,1
154361.0,1
91013175.0,1
171571.0,1
146152.0,1
423015.0,1
183885.0,1
149083.0,1
179784.0,1
364746.0,1
290331.0,1
369101.0,1
91017986.0,1
160545.0,1
138030.0,1
154192.0,1
169736.0,1
606734.0,1
136831.0,1
168043.0,1
357669.0,1
530614.0,1
303785.0,1
91029111.0,1
203721.0,1
515968.0,1
182756.0,1
186989.0,1
91017168.0,1
504558.0,1
185786.0,1
509925.0,1
511527.0,1
209059.0,1
357093.0,1
143341.0,1
213371.0,1
534123.0,1
359121.0,1
167065.0,1
174620.0,1
290250.0,1
519949.0,1
183323.0,1
189067.0,1
178757.0,1
153708.0,1
205212.0,1
386861.0,1
168977.0,1
201724.0,1
143225.0,1
291239.0,1
148728.0,1
479674.0,1
528267.0,1
91018780.0,1
482095.0,1
386885.0,1
91033784.0,1
24123323.0,1
156417.0,1
600373.0,1
24123167.0,1
417518.0,1
388252.0,1
138186.0,1
178925.0,1
168617.0,1
206877.0,1
412019.0,1
365175.0,1
185853.0,1
157480.0,1
154556.0,1
153375.0,1
171584.0,1
146227.0,1
157778.0,1
91014775.0,1
181514.0,1
902346.0,1
410683.0,1
508494.0,1
424405.0,1
415479.0,1
160865.0,1
445716.0,1
155593.0,1
292433.0,1
146805.0,1
202862.0,1
511252.0,1
91013252.0,1
421620.0,1
519325.0,1
358389.0,1
91020883.0,1
170565.0,1
370063.0,1
151811.0,1
350199.0,1
2502407.0,1
154968.0,1
169667.0,1
465655.0,1
91033452.0,1
180295.0,1
362061.0,1
800208.0,1
91014869.0,1
505993.0,1
472704.0,1
189138.0,1
350750.0,1
903362.0,1
369323.0,1
293549.0,1
180152.0,1
91030182.0,1
142879.0,1
147990.0,1
143884.0,1
187096.0,1
178876.0,1
155201.0,1
91019906.0,1
516706.0,1
354344.0,1
91026972.0,1
388634.0,1
358728.0,1
158304.0,1
471195.0,1
161035.0,1
453818.0,1
91019178.0,1
515595.0,1
91019457.0,1
606258.0,1
456032.0,1
369663.0,1
146226.0,1
360961.0,1
91015604.0,1
471824.0,1
382266.0,1
471548.0,1
444736.0,1
174457.0,1
170633.0,1
355280.0,1
169609.0,1
517020.0,1
150121.0,1
165212.0,1
91010594.0,1
171221.0,1
171226.0,1
390233.0,1
138509.0,1
414841.0,1
388397.0,1
441182.0,1
141050.0,1
155066.0,1
91034943.0,1
368812.0,1
293925.0,1
145892.0,1
147519.0,1
181734.0,1
138832.0,1
91060663.0,1
91027054.0,1
152374.0,1
137897.0,1
183874.0,1
91022675.0,1
412720.0,1
137508.0,1
147586.0,1
188933.0,1
210722.0,1
169572.0,1
163108.0,1
411632.0,1
531085.0,1
91021057.0,1
156219.0,1
176729.0,1
156409.0,1
169732.0,1
604775.0,1
453057.0,1
364776.0,1
445592.0,1
91011799.0,1
141829.0,1
143847.0,1
24120612.0,1
162748.0,1
511134.0,1
91019037.0,1
525207.0,1
147772.0,1
183259.0,1
471707.0,1
369643.0,1
305630.0,1
182998.0,1
456968.0,1
91018381.0,1
187014.0,1
24124491.0,1
189299.0,1
901978.0,1
170326.0,1
91020463.0,1
172592.0,1
390446.0,1
176155.0,1
91010418.0,1
158743.0,1
293201.0,1
351626.0,1
382884.0,1
151832.0,1
508540.0,1
176515.0,1
163807.0,1
176343.0,1
91014154.0,1
178334.0,1
361350.0,1
153321.0,1
148397.0,1
452656.0,1
151975.0,1
91013306.0,1
411664.0,1
528483.0,1
357666.0,1
157501.0,1
147389.0,1
170087.0,1
207621.0,1
165236.0,1
453893.0,1
172339.0,1
384892.0,1
91021009.0,1
91027187.0,1
523756.0,1
527748.0,1
515109.0,1
522251.0,1
458629.0,1
602731.0,1
363505.0,1
361995.0,1
521286.0,1
154169.0,1
167664.0,1
157587.0,1
423126.0,1
180583.0,1
156628.0,1
183500.0,1
525048.0,1
511696.0,1
186798.0,1
353155.0,1
208290.0,1
291916.0,1
412095.0,1
472546.0,1
186942.0,1
388864.0,1
168776.0,1
162677.0,1
91027072.0,1
299092.0,1
186199.0,1
91020232.0,1
182742.0,1
91034619.0,1
415741.0,1
91030900.0,1
321640.0,1
91012674.0,1
153976.0,1
189861.0,1
206580.0,1
145947.0,1
204519.0,1
200810.0,1
454037.0,1
91062677.0,1
170757.0,1
179112.0,1
137544.0,1
91013501.0,1
163390.0,1
515089.0,1
507310.0,1
91030481.0,1
382935.0,1
91015377.0,1
350843.0,1
138796.0,1
145346.0,1
390185.0,1
413613.0,1
457652.0,1
446243.0,1
186061.0,1
410636.0,1
2517855.0,1
533830.0,1
382252.0,1
382657.0,1
158922.0,1
359154.0,1
298966.0,1
91016331.0,1
141909.0,1
353524.0,1
503882.0,1
161682.0,1
171258.0,1
148761.0,1
186736.0,1
167662.0,1
91026151.0,1
205563.0,1
149395.0,1
296183.0,1
91029549.0,1
503754.0,1
503625.0,1
903013.0,1
472862.0,1
91025011.0,1
415382.0,1
362184.0,1
160696.0,1
502783.0,1
454130.0,1
411239.0,1
518062.0,1
164572.0,1
168122.0,1
155873.0,1
148734.0,1
142875.0,1
362745.0,1
154526.0,1
142217.0,1
91026021.0,1
361548.0,1
180576.0,1
169649.0,1
91030207.0,1
165295.0,1
137440.0,1
182835.0,1
91026713.0,1
205035.0,1
163823.0,1
186758.0,1
147425.0,1
189555.0,1
149036.0,1
182341.0,1
156948.0,1
521023.0,1
154892.0,1
381948.0,1
204600.0,1
157473.0,1
167848.0,1
384635.0,1
410423.0,1
189893.0,1
489803.0,1
174871.0,1
91014484.0,1
163579.0,1
383596.0,1
165493.0,1
172504.0,1
173607.0,1
156425.0,1
182489.0,1
24124288.0,1
91021224.0,1
91022787.0,1
91034049.0,1
388735.0,1
166826.0,1
171440.0,1
511301.0,1
91033184.0,1
441380.0,1
293343.0,1
185657.0,1
457156.0,1
367191.0,1
182927.0,1
91015949.0,1
902421.0,1
91030553.0,1
91033484.0,1
146614.0,1
162139.0,1
24120853.0,1
165749.0,1
603101.0,1
183282.0,1
361881.0,1
160728.0,1
904090.0,1
159013.0,1
91031894.0,1
356224.0,1
91019491.0,1
321758.0,1
91022680.0,1
180398.0,1
178379.0,1
150806.0,1
170968.0,1
168953.0,1
463216.0,1
479970.0,1
508469.0,1
160067.0,1
519170.0,1
605705.0,1
139794.0,1
150017.0,1
420658.0,1
157597.0,1
385422.0,1
410275.0,1
159181.0,1
416711.0,1
144995.0,1
384111.0,1
382316.0,1
421114.0,1
160081.0,1
457481.0,1
201356.0,1
202776.0,1
200622.0,1
457081.0,1
144332.0,1
386882.0,1
91024824.0,1
176631.0,1
91015495.0,1
445959.0,1
389657.0,1
153908.0,1
170960.0,1
323129.0,1
204633.0,1
24121539.0,1
171251.0,1
389305.0,1
529884.0,1
189155.0,1
381667.0,1
380621.0,1
522140.0,1
386320.0,1
183738.0,1
189562.0,1
91012008.0,1
166833.0,1
158714.0,1
186050.0,1
171349.0,1
137242.0,1
295580.0,1
522965.0,1
91012189.0,1
137640.0,1
139365.0,1
452757.0,1
160385.0,1
182863.0,1
208035.0,1
413467.0,1
91032580.0,1
186365.0,1
153142.0,1
411454.0,1
91060653.0,1
163993.0,1
509874.0,1
323243.0,1
154967.0,1
530181.0,1
91027449.0,1
143069.0,1
91017353.0,1
145570.0,1
181430.0,1
410724.0,1
162719.0,1
24120927.0,1
181781.0,1
528706.0,1
511901.0,1
185311.0,1
91017916.0,1
524249.0,1
24122222.0,1
419728.0,1
605986.0,1
383978.0,1
166133.0,1
356371.0,1
412901.0,1
158344.0,1
139088.0,1
175304.0,1
143857.0,1
359478.0,1
151984.0,1
389948.0,1
296969.0,1
440170.0,1
91011814.0,1
421065.0,1
805373.0,1
183580.0,1
815511.0,1
151763.0,1
324108.0,1
91021550.0,1
462198.0,1
148966.0,1
154305.0,1
185503.0,1
207945.0,1
137468.0,1
412077.0,1
512812.0,1
139803.0,1
507555.0,1
322997.0,1
179858.0,1
91012766.0,1
518492.0,1
421182.0,1
171437.0,1
322904.0,1
155793.0,1
156332.0,1
152668.0,1
187634.0,1
91019005.0,1
91019513.0,1
91016104.0,1
143624.0,1
389773.0,1
386122.0,1
91013698.0,1
160224.0,1
179780.0,1
504236.0,1
181535.0,1
186510.0,1
509123.0,1
440379.0,1
185740.0,1
186260.0,1
149805.0,1
91027390.0,1
147670.0,1
91063641.0,1
169486.0,1
168463.0,1
202087.0,1
172418.0,1
91021560.0,1
147725.0,1
168173.0,1
188613.0,1
320065.0,1
91013278.0,1
24119746.0,1
178588.0,1
160293.0,1
24122838.0,1
183414.0,1
390304.0,1
411858.0,1
602049.0,1
187455.0,1
152082.0,1
91020559.0,1
521904.0,1
504768.0,1
292864.0,1
155189.0,1
355167.0,1
206964.0,1
178133.0,1
185905.0,1
91023967.0,1
351321.0,1
423860.0,1
422104.0,1
508962.0,1
138473.0,1
91019236.0,1
91014018.0,1
91034066.0,1
525368.0,1
189450.0,1
171722.0,1
421650.0,1
148529.0,1
180290.0,1
362858.0,1
440890.0,1
153958.0,1
183161.0,1
146149.0,1
91016230.0,1
148481.0,1
188942.0,1
161892.0,1
91020504.0,1
157291.0,1
422439.0,1
363175.0,1
388040.0,1
91032672.0,1
386030.0,1
456753.0,1
91024500.0,1
171260.0,1
184556.0,1
182484.0,1
200334.0,1
385683.0,1
148951.0,1
169739.0,1
148549.0,1
176534.0,1
504065.0,1
507250.0,1
163604.0,1
91032199.0,1
527410.0,1
179551.0,1
174774.0,1
155004.0,1
176962.0,1
351779.0,1
91013269.0,1
150286.0,1
181843.0,1
322114.0,1
512609.0,1
145946.0,1
91014817.0,1
91019486.0,1
151527.0,1
322970.0,1
186134.0,1
143757.0,1
91027113.0,1
353149.0,1
24121476.0,1
368140.0,1
148899.0,1
91033284.0,1
164862.0,1
185371.0,1
360775.0,1
519832.0,1
151969.0,1
91033815.0,1
189401.0,1
91027315.0,1
369586.0,1
166122.0,1
146840.0,1
91024253.0,1
160141.0,1
170189.0,1
512455.0,1
386266.0,1
189940.0,1
91025243.0,1
512108.0,1
180886.0,1
184757.0,1
153940.0,1
473481.0,1
513986.0,1
381966.0,1
480881.0,1
440257.0,1
91020569.0,1
154098.0,1
214973.0,1
184977.0,1
186597.0,1
440444.0,1
163905.0,1
507128.0,1
507203.0,1
901561.0,1
148702.0,1
324321.0,1
166052.0,1
452760.0,1
304913.0,1
91027205.0,1
138798.0,1
141482.0,1
291954.0,1
24120083.0,1
381422.0,1
91026751.0,1
179141.0,1
91014500.0,1
169485.0,1
91035050.0,1
472337.0,1
171237.0,1
522669.0,1
91012397.0,1
526525.0,1
91012293.0,1
322226.0,1
91015378.0,1
179691.0,1
158680.0,1
352379.0,1
201800.0,1
91022955.0,1
900818.0,1
188132.0,1
524355.0,1
189907.0,1
91021513.0,1
511915.0,1
362067.0,1
152819.0,1
24121442.0,1
142691.0,1
356130.0,1
147281.0,1
533870.0,1
352873.0,1
24123136.0,1
147994.0,1
180767.0,1
24120323.0,1
162077.0,1
183735.0,1
903974.0,1
517819.0,1
169585.0,1
146532.0,1
354040.0,1
91012723.0,1
24122440.0,1
146266.0,1
364982.0,1
148603.0,1
526916.0,1
151828.0,1
291464.0,1
159697.0,1
353314.0,1
158246.0,1
148764.0,1
529150.0,1
323514.0,1
442540.0,1
24180789.0,1
381442.0,1
412238.0,1
179454.0,1
24121296.0,1
157576.0,1
513740.0,1
164568.0,1
24122342.0,1
451519.0,1
171702.0,1
155166.0,1
148736.0,1
24122340.0,1
157281.0,1
162230.0,1
91011095.0,1
351336.0,1
524765.0,1
189118.0,1
533832.0,1
384511.0,1
188416.0,1
159390.0,1
453591.0,1
24122965.0,1
24122384.0,1
518556.0,1
482132.0,1
524873.0,1
140329.0,1
512117.0,1
380660.0,1
365577.0,1
176232.0,1
154612.0,1
158387.0,1
509597.0,1
519798.0,1
157366.0,1
172451.0,1
413616.0,1
412384.0,1
24123386.0,1
479851.0,1
445791.0,1
365301.0,1
171838.0,1
900147.0,1
369521.0,1
91023904.0,1
357342.0,1
91034931.0,1
158104.0,1
181450.0,1
524606.0,1
91064413.0,1
516443.0,1
512752.0,1
91026834.0,1
179008.0,1
91034526.0,1
367298.0,1
158138.0,1
24121586.0,1
521568.0,1
472459.0,1
362754.0,1
159813.0,1
173698.0,1
149025.0,1
296514.0,1
155021.0,1
24119921.0,1
385764.0,1
515413.0,1
184443.0,1
453336.0,1
158310.0,1
24121900.0,1
320511.0,1
389499.0,1
359238.0,1
157255.0,1
91030496.0,1
385454.0,1
91024973.0,1
370032.0,1
91012568.0,1
502367.0,1
165056.0,1
183553.0,1
143029.0,1
174372.0,1
152847.0,1
91027475.0,1
188998.0,1
153457.0,1
321275.0,1
179722.0,1
418084.0,1
603684.0,1
479703.0,1
204246.0,1
527643.0,1
178406.0,1
189693.0,1
159825.0,1
156691.0,1
91033013.0,1
179532.0,1
91020582.0,1
183774.0,1
91012570.0,1
24121553.0,1
363487.0,1
24120262.0,1
381673.0,1
416096.0,1
183243.0,1
159840.0,1
179146.0,1
410054.0,1
171547.0,1
91015430.0,1
354543.0,1
510873.0,1
139853.0,1
175915.0,1
517058.0,1
148602.0,1
91011702.0,1
91012947.0,1
91026492.0,1
507365.0,1
171480.0,1
179159.0,1
91011049.0,1
171770.0,1
366319.0,1
459798.0,1
91013352.0,1
144434.0,1
144294.0,1
471537.0,1
511200.0,1
304316.0,1
529364.0,1
148328.0,1
297650.0,1
201695.0,1
91021575.0,1
320905.0,1
185981.0,1
169036.0,1
414128.0,1
480554.0,1
155239.0,1
91032650.0,1
506640.0,1
154254.0,1
178207.0,1
91065719.0,1
24122787.0,1
203625.0,1
363547.0,1
91014082.0,1
304280.0,1
91011077.0,1
138755.0,1
384378.0,1
385035.0,1
136807.0,1
513182.0,1
24120524.0,1
514123.0,1
189255.0,1
471685.0,1
158698.0,1
451887.0,1
322361.0,1
181512.0,1
528764.0,1
24121759.0,1
186960.0,1
91024345.0,1
534344.0,1
162614.0,1
441250.0,1
91020179.0,1
136396.0,1
170620.0,1
167687.0,1
183343.0,1
505669.0,1
149882.0,1
350554.0,1
139771.0,1
321083.0,1
185660.0,1
443403.0,1
160024.0,1
412628.0,1
91028805.0,1
165620.0,1
168388.0,1
510534.0,1
480587.0,1
320174.0,1
91027047.0,1
605016.0,1
91025680.0,1
91064101.0,1
525457.0,1
178699.0,1
142761.0,1
361275.0,1
413914.0,1
24123320.0,1
146877.0,1
298329.0,1
440146.0,1
24121369.0,1
91024156.0,1
180753.0,1
531401.0,1
519157.0,1
515188.0,1
214919.0,1
140335.0,1
383601.0,1
146659.0,1
183166.0,1
177335.0,1
161678.0,1
410425.0,1
380326.0,1
410216.0,1
173987.0,1
91013722.0,1
529006.0,1
322469.0,1
188589.0,1
91013195.0,1
163924.0,1
528133.0,1
91014125.0,1
183398.0,1
355188.0,1
606215.0,1
155050.0,1
24121036.0,1
24119875.0,1
151635.0,1
91010475.0,1
91020342.0,1
91020863.0,1
160825.0,1
183607.0,1
139332.0,1
324512.0,1
91013058.0,1
369816.0,1
527505.0,1
152619.0,1
525229.0,1
153634.0,1
809080.0,1
148116.0,1
178554.0,1
171072.0,1
148180.0,1
386432.0,1
183079.0,1
91026155.0,1
441576.0,1
142928.0,1
136809.0,1
146176.0,1
321898.0,1
387960.0,1
365988.0,1
152103.0,1
173500.0,1
380493.0,1
381180.0,1
139867.0,1
358341.0,1
514943.0,1
383285.0,1
184970.0,1
179566.0,1
387712.0,1
24122007.0,1
200519.0,1
410906.0,1
506476.0,1
91029696.0,1
173402.0,1
182714.0,1
180871.0,1
380538.0,1
91029555.0,1
518682.0,1
91034636.0,1
159227.0,1
184535.0,1
604272.0,1
364626.0,1
200238.0,1
365065.0,1
187588.0,1
472196.0,1
91014026.0,1
148756.0,1
142332.0,1
530949.0,1
137254.0,1
24119989.0,1
201021.0,1
146206.0,1
91024569.0,1
91027060.0,1
91026687.0,1
168781.0,1
147058.0,1
410138.0,1
322715.0,1
185723.0,1
168730.0,1
604189.0,1
184714.0,1
169662.0,1
509232.0,1
384270.0,1
368954.0,1
91014579.0,1
506743.0,1
91033203.0,1
24120141.0,1
91024220.0,1
473503.0,1
24121076.0,1
447082.0,1
600928.0,1
526955.0,1
529415.0,1
512072.0,1
806911.0,1
24120143.0,1
91010193.0,1
139762.0,1
142849.0,1
91010285.0,1
507839.0,1
201139.0,1
382002.0,1
450535.0,1
602420.0,1
91011499.0,1
323826.0,1
147262.0,1
91021181.0,1
603524.0,1
204552.0,1
367618.0,1
297558.0,1
182852.0,1
165532.0,1
159344.0,1
91018874.0,1
24124516.0,1
24124548.0,1
158561.0,1
91018774.0,1
91024205.0,1
161530.0,1
24124531.0,1
91063686.0,1
161891.0,1
531016.0,1
166065.0,1
522335.0,1
24122899.0,1
472183.0,1
523223.0,1
24123815.0,1
161361.0,1
91026427.0,1
158041.0,1
162010.0,1
157172.0,1
24122737.0,1
178403.0,1
513537.0,1
512128.0,1
179107.0,1
384992.0,1
390461.0,1
387369.0,1
603810.0,1
384372.0,1
91014391.0,1
385888.0,1
386724.0,1
387600.0,1
412417.0,1
420829.0,1
91065727.0,1
417411.0,1
413326.0,1
411957.0,1
91022716.0,1
189435.0,1
149732.0,1
525328.0,1
91065492.0,1
91026074.0,1
511867.0,1
370226.0,1
174071.0,1
91025882.0,1
159473.0,1
353539.0,1
147440.0,1
24123567.0,1
24120856.0,1
365524.0,1
151841.0,1
534226.0,1
174027.0,1
480875.0,1
209092.0,1
24119826.0,1
510394.0,1
172410.0,1
175820.0,1
359400.0,1
324889.0,1
188225.0,1
24120467.0,1
367855.0,1
510781.0,1
512149.0,1
365226.0,1
518680.0,1
320768.0,1
182940.0,1
145292.0,1
163150.0,1
144115.0,1
504006.0,1
509488.0,1
365667.0,1
523811.0,1
440004.0,1
137094.0,1
530672.0,1
512809.0,1
91012500.0,1
91064046.0,1
91028796.0,1
512630.0,1
187349.0,1
520946.0,1
24122030.0,1
146167.0,1
91011974.0,1
91025166.0,1
91025695.0,1
368453.0,1
2502419.0,1
24122341.0,1
91031270.0,1
515316.0,1
24123401.0,1
182651.0,1
151331.0,1
184896.0,1
149765.0,1
358200.0,1
526091.0,1
152537.0,1
175504.0,1
161687.0,1
149585.0,1
420664.0,1
413140.0,1
5121004.0,1
24123497.0,1
174996.0,1
172059.0,1
510948.0,1
91013495.0,1
531729.0,1
602054.0,1
91029093.0,1
91030041.0,1
91029688.0,1
91019775.0,1
156121.0,1
91024967.0,1
322068.0,1
163994.0,1
91016985.0,1
24119658.0,1
148542.0,1
187818.0,1
413293.0,1
91025698.0,1
460659.0,1
91028811.0,1
24120479.0,1
91026117.0,1
150701.0,1
363095.0,1
91011798.0,1
351440.0,1
24121943.0,1
361030.0,1
91026965.0,1
524858.0,1
382702.0,1
213179.0,1
24123882.0,1
445246.0,1
91018863.0,1
91019448.0,1
163606.0,1
165028.0,1
201989.0,1
91015516.0,1
459240.0,1
167466.0,1
369371.0,1
165670.0,1
381797.0,1
165094.0,1
91028735.0,1
522705.0,1
183502.0,1
155752.0,1
157930.0,1
381192.0,1
91014264.0,1
380974.0,1
184488.0,1
202039.0,1
603015.0,1
24121010.0,1
91011767.0,1
91029957.0,1
91026521.0,1
24120102.0,1
355764.0,1
514600.0,1
446831.0,1
91010696.0,1
91026252.0,1
368685.0,1
91024570.0,1
160449.0,1
506817.0,1
24119634.0,1
527163.0,1
480574.0,1
91026576.0,1
184893.0,1
183006.0,1
24120053.0,1
515679.0,1
91027299.0,1
361551.0,1
188261.0,1
356251.0,1
182562.0,1
530148.0,1
146498.0,1
369492.0,1
24122769.0,1
179723.0,1
91027186.0,1
158853.0,1
24120107.0,1
24122869.0,1
91020905.0,1
178067.0,1
184630.0,1
91025512.0,1
169661.0,1
412810.0,1
164747.0,1
91013216.0,1
91022571.0,1
91021036.0,1
182753.0,1
383779.0,1
411283.0,1
183700.0,1
91012243.0,1
91024233.0,1
515766.0,1
185559.0,1
509518.0,1
24121416.0,1
902927.0,1
526819.0,1
525097.0,1
511462.0,1
523277.0,1
91011756.0,1
505623.0,1
147448.0,1
91013061.0,1
91026163.0,1
505578.0,1
505563.0,1
91033019.0,1
91035086.0,1
91026673.0,1
180735.0,1
156683.0,1
505626.0,1
523268.0,1
902937.0,1
91065739.0,1
91026156.0,1
188042.0,1
91021014.0,1
531246.0,1
368911.0,1
511472.0,1
91026543.0,1
320106.0,1
504974.0,1
148482.0,1
91026123.0,1
503421.0,1
24121936.0,1
513187.0,1
91011768.0,1
515127.0,1
502598.0,1
410611.0,1
472872.0,1
413353.0,1
91014450.0,1
187876.0,1
504159.0,1
154689.0,1
410037.0,1
471426.0,1
91015496.0,1
146839.0,1
200839.0,1
24120628.0,1
24121941.0,1
24121987.0,1
24121412.0,1
513162.0,1
24122137.0,1
180870.0,1
144505.0,1
91033648.0,1
91065732.0,1
353029.0,1
91064516.0,1
365994.0,1
91029690.0,1
354748.0,1
91063970.0,1
24122435.0,1
353089.0,1
603264.0,1
91021109.0,1
361036.0,1
91063979.0,1
445338.0,1
201663.0,1
24122059.0,1
24121152.0,1
24122262.0,1
91064034.0,1
413245.0,1
170771.0,1
91024159.0,1
91026976.0,1
91063662.0,1
513956.0,1
527529.0,1
164592.0,1
509986.0,1
148563.0,1
182549.0,1
515131.0,1
147694.0,1
152911.0,1
91019774.0,1
151336.0,1
24122922.0,1
364994.0,1
145851.0,1
505815.0,1
91032271.0,1
91011331.0,1
164987.0,1
184163.0,1
24119632.0,1
91030160.0,1
356314.0,1
91021081.0,1
386744.0,1
91033557.0,1
91030246.0,1
512947.0,1
91023434.0,1
178583.0,1
353140.0,1
801059.0,1
384005.0,1
819786.0,1
169267.0,1
175909.0,1
24121438.0,1
353158.0,1
505070.0,1
24121027.0,1
91028921.0,1
174531.0,1
153748.0,1
91030011.0,1
155158.0,1
91025939.0,1
534100.0,1
472131.0,1
24120276.0,1
24120080.0,1
91026137.0,1
353020.0,1
91012709.0,1
385716.0,1
516425.0,1
200866.0,1
24121537.0,1
300865.0,1
145885.0,1
178943.0,1
162226.0,1
159143.0,1
141922.0,1
532145.0,1
24122872.0,1
24121343.0,1
24121691.0,1
24124239.0,1
173924.0,1
171705.0,1
91033795.0,1
521355.0,1
320742.0,1
175660.0,1
91027646.0,1
91025981.0,1
24121600.0,1
154785.0,1
525025.0,1
91065814.0,1
163929.0,1
412466.0,1
148688.0,1
322916.0,1
515590.0,1
171580.0,1
359424.0,1
902165.0,1
152471.0,1
91026609.0,1
184895.0,1
167374.0,1
91028801.0,1
364779.0,1
524616.0,1
91013960.0,1
24122385.0,1
293015.0,1
154607.0,1
91014317.0,1
139271.0,1
369326.0,1
91024397.0,1
91032841.0,1
390998.0,1
605819.0,1
293447.0,1
176055.0,1
91017661.0,1
189428.0,1
91029076.0,1
24120059.0,1
175654.0,1
528770.0,1
521942.0,1
293637.0,1
523576.0,1
137938.0,1
146507.0,1
526989.0,1
24123744.0,1
189727.0,1
512253.0,1
517698.0,1
91034470.0,1
91010590.0,1
189667.0,1
24123735.0,1
189609.0,1
512240.0,1
189682.0,1
512263.0,1
508433.0,1
91028998.0,1
516453.0,1
189653.0,1
521255.0,1
511202.0,1
91025499.0,1
384980.0,1
352543.0,1
91026285.0,1
2501719.0,1
91026291.0,1
521428.0,1
179667.0,1
91024822.0,1
527945.0,1
91012118.0,1
304304.0,1
902742.0,1
142932.0,1
